"inquisit.version","computer.platform","startdate","starttime","subjectid","groupid","sessionid","elapsedtime","completed","lstotalearnings","totalearnings","ballooncount","total_explosions","lstotaltrialexplosions","nonexplodedballoons","totalpumpcount","lstotalpumpcount","averagepumpcount","adjustedtotalpumpcount","adjustedaveragepumpcount"
"6.6.1","mac","2023-09-07","12:20:25","R_1kGINZotrIcPTKh","979721688","1","116769","1","/0/0/0/25/0/25/25/25/50/65","215","10","4","/1/1/1/0/1/0/0/0/0/0","6","78","/15/8/6/5/6/5/5/5/10/13","7.80","43","7.1666666666666669627"
"6.6.1","win","2023-09-07","12:25:55","R_3GuMglArLCrPtKk","979721689","1","47314","1","/85/75/0/20/45/50/0/0/15/35","325","10","3","/0/0/1/0/0/0/1/1/0/0","7","78","/17/15/6/4/9/10/1/6/3/7","7.80","65","9.2857142857142864756"
"6.6.1","win","2023-09-07","12:30:04","R_2sZHgl172OzMak5","979721691","1","71340","1","/105/0/0/65/100/0/100/0/0/0","370","10","5","/0/1/1/0/0/1/0/1/0/1","5","149","/21/25/13/13/20/5/20/15/0/17","14.9000000000000003553","74","14.8000000000000007105"
"6.6.1","win","2023-09-07","12:31:12","R_23TDPmHk6oiOobh","979721690","1","95622","1","/50/65/80/0/0/55/55/0/50/60","415","10","3","/0/0/0/1/1/0/0/1/0/0","7","113","/10/13/16/11/11/11/11/8/10/12","11.30","83","11.8571428571428576504"
"6.6.1","win","2023-09-07","11:43:24","R_O9bJ5X0wsLOuYpP","979721692","1","209390","1","/75/0/0/50/0/55/0/55/0/50","285","10","5","/0/1/1/0/1/0/1/0/1/0","5","112","/15/11/12/10/10/11/16/11/6/10","11.20","57","11.4000000000000003553"
"6.6.1","win","2023-09-07","11:47:59","R_1FLZKw2t1gCx7uC","979721693","1","61850","1","/50/65/0/50/0/50/50/0/50/50","365","10","3","/0/0/1/0/1/0/0/1/0/0","7","92","/10/13/4/10/7/10/10/8/10/10","9.20","73","10.4285714285714288252"
"6.6.1","win","2023-09-07","09:53:04","R_bvKcah6gutsreHn","979721694","1","97913","1","/75/0/85/0/60/70/0/65/0/50","405","10","4","/0/1/0/1/0/0/1/0/1/0","6","143","/15/21/17/11/12/14/16/13/14/10","14.30","81","13.5"
"6.6.1","mac","2023-09-07","12:55:06","R_1rJ0KHAiaikgKXx","979721695","1","96297","1","/130/0/0/0/100/0/0/0/0/100","330","10","7","/0/1/1/1/0/1/1/1/1/0","3","170","/26/31/11/25/20/2/13/12/10/20","0.00","66","22"
"6.6.1","win","2023-09-07","12:04:10","R_33lkCbHVz6wAYm3","979721696","1","98785","1","/25/30/15/30/25/30/35/25/0/50","265","10","1","/0/0/0/0/0/0/0/0/1/0","9","55","/5/6/3/6/5/6/7/5/2/10","5.50","53","5.8888888888888892836"
"6.6.1","win","2023-09-07","13:06:01","R_2QgE7fo8aW6cND7","979721698","1","60714","1","/25/25/25/25/25/25/25/25/25/50","275","10","0","/0/0/0/0/0/0/0/0/0/0","10","55","/5/5/5/5/5/5/5/5/5/10","5.50","55","5.5"
"6.6.1","win","2023-09-07","10:05:22","R_3nloSUxnqwpQ7g5","979721697","1","111988","1","/0/0/0/35/40/50/0/50/45/50","270","10","4","/1/0/1/0/0/0/1/0/0/0","6","81","/13/10/1/7/8/10/3/10/9/10","8.10","54","9"
"6.6.3","and","2023-09-07","12:07:50","R_1DwL4zLXS5v0fc9","979721699","1","121524","1","/0/0/100/100/50/0/80/70/0/75","475","10","4","/1/0/0/0/0/1/0/0/1/0","6","135","/1/15/20/20/10/17/16/14/7/15","13.50","95","15.8333333333333339255"
"6.6.1","win","2023-09-07","10:10:34","R_1pyOVJ8SUCmrqqy","979721709","1","75478","1","/25/30/40/30/40/45/50/35/40/60","395","10","0","/0/0/0/0/0/0/0/0/0/0","10","79","/5/6/8/6/8/9/10/7/8/12","7.90","79","7.9000000000000003553"
"6.6.1","mac","2023-09-07","13:09:25","R_237xVlZzBhaT9Mp","979721706","1","180709","1","/40/0/30/35/0/40/30/45/45/0","265","10","3","/0/1/0/0/1/0/0/0/0/1","7","67","/8/7/6/7/4/8/6/9/9/3","6.7000000000000001776","53","7.5714285714285711748"
"6.6.1","win","2023-09-07","10:11:05","R_2UfH2aCUeKGg4DA","979721707","1","95629","1","/50/35/0/0/0/10/45/50/0/20","210","10","4","/0/0/1/1/1/0/0/0/1/0","6","77","/10/7/18/9/4/2/9/10/4/4","7.70","42","7"
"6.6.1","win","2023-09-07","13:11:54","R_20TE9qPvldFW9od","979721710","1","74994","1","/30/0/30/15/45/0/0/0/30/20","170","10","4","/0/1/0/0/0/1/1/1/0/0","6","55","/6/4/6/3/9/7/6/4/6/4","5.50","34","5.6666666666666669627"
"6.6.1","mac","2023-09-07","10:11:33","R_39SxzzFKDV8PwLn","979721701","1","101772","1","/35/0/25/35/5/25/0/0/75/35","235","10","3","/0/1/0/0/0/0/1/1/0/0","7","64","/7/6/5/7/1/5/10/1/15/7","6.40","47","6.7142857142857144126"
"6.6.1","win","2023-09-07","13:10:06","R_1Clqfmuo3Ygfq57","979721708","1","285887","1","/40/55/75/0/0/0/40/0/0/30","240","10","5","/0/0/0/1/1/1/0/1/1/0","5","93","/8/11/15/17/8/11/8/8/1/6","9.30","48","9.5999999999999996447"
"6.6.0","win","2023-09-07","12:14:41","R_qCv6p9cXaGZetNf","979721711","1","62176","1","/0/0/0/0/0/25/30/25/30/20","130","10","5","/0/1/1/1/1/0/0/0/0/0","5","50","/8/2/7/3/4/5/6/5/6/4","0.00","26","5.2000000000000001776"
"6.6.1","mac","2023-09-07","12:15:43","R_DVkIL0jxMh8Dvyx","979721712","1","77996","1","/25/40/50/0/50/50/60/0/100/100","475","10","2","/0/0/0/1/0/0/0/1/0/0","8","97","/5/8/10/1/10/10/12/1/20/20","9.70","95","11.875"
"6.6.3","and","2023-09-07","12:18:19","R_1cYXrNmTNDeJv5F","979721713","1","72046","1","/30/0/0/10/10/5/10/15/5/15","100","10","2","/0/1/0/0/0/0/0/0/0/0","8","27","/6/4/3/2/2/1/2/3/1/3","2.70","20","2.5"
"6.6.1","win","2023-09-07","11:18:42","R_2xDItEvOFaopxDX","979721714","1","72925","1","/100/0/0/100/100/100/0/0/0/0","400","10","6","/0/1/1/0/0/0/1/1/1/1","4","154","/20/16/20/20/20/20/3/10/20/5","15.4000000000000003553","80","20"
"6.6.1","win","2023-09-07","13:21:23","R_3HChIKI6I1npixa","979721715","1","93255","1","/50/50/50/55/50/50/0/50/50/45","450","10","1","/0/0/0/0/0/0/1/0/0/0","9","97","/10/10/10/11/10/10/7/10/10/9","9.70","90","10"
"6.6.3","and","2023-09-07","12:21:27","R_3RgsdVmilD8tf7I","979721717","1","137068","1","/0/10/20/0/50/0/45/0/0/15","140","10","5","/1/0/0/1/0/1/0/1/0/0","5","48","/2/2/4/2/10/10/9/2/4/3","4.80","28","5.5999999999999996447"
"6.6.1","mac","2023-09-07","13:23:47","R_31Tt22MFZcP38Tn","979721719","1","66226","1","/50/0/0/30/35/0/0/15/25/25","180","10","4","/0/1/0/0/0/1/0/0/0/0","6","64","/10/5/10/6/7/8/5/3/5/5","6.40","36","6"
"6.6.1","win","2023-09-07","11:22:38","R_D0LGkUY8LGA49YR","979721716","1","133859","1","/50/0/50/70/0/0/100/70/0/0","340","10","5","/0/1/0/0/1/1/0/0/1/1","5","135","/10/18/10/14/6/11/20/14/26/6","13.5","68","13.5999999999999996447"
"6.6.1","win","2023-09-07","10:24:23","R_12rNOY0UXct2fP8","979721721","1","71965","1","/20/20/20/25/0/0/20/20/20/20","165","10","2","/0/0/0/0/1/1/0/0/0/0","8","41","/4/4/4/5/4/4/4/4/4/4","4.10","33","4.125"
"6.6.3","and","2023-09-07","13:23:53","R_TcNY7CRO7da9aAF","979721720","1","123536","1","/55/75/0/85/0/0/65/0/0/60","340","10","5","/0/0/1/0/1/1/0/1/1/0","5","116","/11/15/3/17/4/14/13/17/10/12","11.60","68","13.5999999999999996447"
"6.6.1","win","2023-09-07","10:24:40","R_4VB2iP48gA5B8Ih","979721722","1","97919","1","/15/15/15/15/15/15/15/15/15/15","150","10","0","/0/0/0/0/0/0/0/0/0/0","10","30","/3/3/3/3/3/3/3/3/3/3","0.00","30","3"
"6.6.1","win","2023-09-07","12:22:34","R_21nPvCQm51nRU5B","979721718","1","275087","1","/30/15/30/15/15/0/0/30/0/30","165","10","3","/0/0/0/0/0/1/0/0/0/0","7","42","/6/3/6/3/3/3/3/6/3/6","4.20","33","4.7142857142857144126"
"6.6.1","win","2023-09-07","12:28:57","R_306oRkMPTYICJiK","979721729","1","51570","1","/25/30/55/0/25/20/30/35/35/35","290","10","1","/0/0/0/1/0/0/0/0/0/0","9","63","/5/6/11/5/5/4/6/7/7/7","6.30","58","6.4444444444444446418"
"6.6.1","mac","2023-09-07","11:28:08","R_2X1zDsbJBHlozDZ","979721724","1","110143","1","/15/10/0/35/25/25/50/35/0/0","195","10","3","/0/0/1/0/0/0/0/0/1/1","7","46","/3/2/1/7/5/5/10/7/4/2","4.5999999999999996447","39","5.5714285714285711748"
"6.6.1","win","2023-09-07","12:28:58","R_ebScPbJ21gXxA09","979721736","1","64518","1","/0/0/20/20/15/10/0/10/10/10","95","10","3","/1/0/0/0/0/0/1/0/0/0","7","31","/6/4/4/4/3/2/2/2/2/2","3.10","19","2.7142857142857144126"
"6.6.0","win","2023-09-07","13:29:00","R_1Le9eCO9MHcKbci","979721731","1","83445","1","/0/0/15/20/0/0/15/20/20/15","105","10","4","/0/1/0/0/1/1/0/0/0/0","6","35","/4/5/3/4/1/4/3/4/4/3","3.50","21","3.5"
"6.6.1","win","2023-09-07","13:29:01","R_3FPXuWZxbNxfawU","979721727","1","83184","1","/25/30/40/45/40/50/60/0/65/60","415","10","1","/0/0/0/0/0/0/0/0/0/0","9","97","/5/6/8/9/8/10/12/14/13/12","9.70","83","9.2222222222222214327"
"6.6.1","win","2023-09-07","10:29:30","R_ZIcXZwugiD3cUxP","979721730","1","72657","1","/10/5/0/10/5/15/20/10/25/20","120","10","1","/0/0/1/0/0/0/0/0/0/0","9","28","/2/1/4/2/1/3/4/2/5/4","2.80","24","2.6666666666666665186"
"6.6.1","win","2023-09-07","10:29:11","R_2c0KSMPiS6xbBoC","979721737","1","112971","1","/25/0/45/50/80/100/0/0/100/0","400","10","4","/0/1/0/0/0/0/1/1/0/1","6","127","/5/11/9/10/16/20/22/11/20/3","12.6999999999999992895","80","13.3333333333333339255"
"6.6.1","win","2023-09-07","12:30:19","R_3CZ6Hy5k7A2Icpm","979721728","1","48138","1","/0/0/10/10/15/15/15/20/0/15","100","10","3","/1/1/0/0/0/0/0/0/1/0","7","30","/4/2/2/2/3/3/3/4/4/3","0.00","20","2.8571428571428572063"
"6.6.1","win","2023-09-07","13:29:18","R_1LqDsozFuxO7aFY","979721732","1","124743","1","/75/0/75/100/0/100/0/0/100/0","450","10","5","/0/1/0/0/1/0/1/1/0/1","5","158","/15/14/15/20/19/20/5/16/20/14","15.8000000000000007105","90","18"
"6.6.1","win","2023-09-07","13:30:33","R_2S0oGiH2FalMO26","979721742","1","56720","1","/30/0/30/35/55/45/70/0/0/0","265","10","4","/0/1/0/0/0/0/0/1/1/1","6","86","/6/8/6/7/11/9/14/8/9/8","8.5999999999999996447","53","8.8333333333333339255"
"6.6.1","win","2023-09-07","13:29:31","R_3fYSNgsyQ4mnybz","979721726","1","138465","1","/25/25/50/0/50/0/50/50/0/0","250","10","4","/0/0/0/0/0/1/0/0/1/1","6","85","/5/5/10/15/10/5/10/10/10/5","8.5","50","8.3333333333333339255"
"6.6.1","win","2023-09-07","13:30:08","R_1Ck0nLRI867bdZz","979721723","1","108535","1","/10/15/30/35/0/95/0/65/70/0","320","10","3","/0/0/0/0/1/0/1/0/0/1","7","97","/2/3/6/7/15/19/8/13/14/10","9.6999999999999992895","64","9.1428571428571423496"
"6.6.1","mac","2023-09-07","13:32:43","R_pN0IAgVmbXqcAdH","979721746","1","73640","1","/0/45/0/25/30/0/20/20/0/20","160","10","4","/0/0/1/0/0/1/0/0/1/0","6","50","/5/9/7/5/6/5/4/4/1/4","0.00","32","5.3333333333333330373"
"6.6.1","win","2023-09-07","13:29:57","R_2SJrfAl5h6GFCKU","979721738","1","247303","1","/0/0/0/35/60/65/50/80/110/0","400","10","4","/1/1/1/0/0/0/0/0/0/1","6","117","/8/14/9/7/12/13/10/16/22/6","11.6999999999999992895","80","13.3333333333333339255"
"6.6.1","win","2023-09-07","12:32:57","R_2ANlqvOD8tBWJqC","979721748","1","86641","1","/0/30/100/0/0/0/55/0/0/0","185","10","7","/1/0/0/1/1/1/0/1/1/1","3","128","/9/6/20/12/5/26/11/2/20/17","12.8000000000000007105","37","12.3333333333333339255"
"6.6.1","win","2023-09-07","13:32:04","R_3ffNUKvS5IDVsLH","979721744","1","144762","1","/0/30/30/35/40/45/35/40/0/40","295","10","2","/1/0/0/0/0/0/0/0/1/0","8","74","/9/6/6/7/8/9/7/8/6/8","7.40","59","7.375"
"6.6.1","win","2023-09-07","13:31:46","R_b4w4l68SyTiJh7P","979721745","1","163055","1","/30/30/30/30/30/30/40/0/40/35","295","10","1","/0/0/0/0/0/0/0/0/0/0","9","66","/6/6/6/6/6/6/8/7/8/7","6.60","59","6.5555555555555553582"
"6.6.1","win","2023-09-07","13:33:40","R_vuFgEjNL0xQHSCJ","979721749","1","95308","1","/35/35/35/50/35/50/0/25/35/0","300","10","2","/0/0/0/0/0/0/1/0/0/1","8","74","/7/7/7/10/7/10/5/5/7/9","7.4000000000000003553","60","7.5"
"6.6.1","and","2023-09-07","10:35:24","R_1NkpiBgMGTe4hd6","979721755","1","35386","1","/0/35/25/20/20/25/25/25/0/0","175","10","3","/1/0/0/0/0/0/0/0/1/1","7","44","/3/7/5/4/4/5/5/5/1/5","4.4000000000000003553","35","5"
"6.6.1","win","2023-09-07","13:34:48","R_QnChw8hmwZLtAHv","979721740","1","74695","1","/0/60/65/0/75/0/0/0/0/0","200","10","6","/0/0/0/1/0/1/1/1/1/1","4","94","/0/12/13/8/15/8/12/10/14/2","9.4000000000000003553","40","10"
"6.6.1","mac","2023-09-07","10:34:27","R_1jjQKU5mBsnXO7v","979721751","1","99730","1","/0/15/10/0/15/10/15/10/20/0","95","10","3","/0/0/0/1/0/0/0/0/0/0","7","26","/4/3/2/2/3/2/3/2/4/1","2.6000000000000000888","19","2.7142857142857144126"
"6.6.1","mac","2023-09-07","13:34:39","R_rdRWbChLo8ictfH","979721752","1","92117","1","/0/40/40/45/45/70/0/0/70/50","360","10","3","/1/0/0/0/0/0/1/1/0/0","7","111","/11/8/8/9/9/14/19/9/14/10","11.10","72","10.2857142857142864756"
"6.6.1","win","2023-09-07","12:35:21","R_5chA37yjOv7crVn","979721754","1","62152","1","/0/20/30/40/0/50/0/30/0/40","210","10","4","/1/0/0/0/1/0/1/0/0/0","6","57","/1/4/6/8/1/10/5/6/8/8","5.70","42","7"
"6.6.1","mac","2023-09-07","10:35:05","R_3MogVAG2sJ4YxL1","979721753","1","96752","1","/25/0/35/50/0/30/45/55/35/65","340","10","2","/0/0/0/0/1/0/0/0/0/0","8","84","/5/8/7/10/8/6/9/11/7/13","8.40","68","8.5"
"6.6.1","mac","2023-09-07","13:33:55","R_2zAttwiJ6MiXcwJ","979721750","1","213233","1","/100/0/100/0/100/0/0/100/100/0","500","10","5","/0/1/0/1/0/1/1/0/0/1","5","173","/20/15/20/19/20/11/11/20/20/17","17.3000000000000007105","100","20"
"6.6.1","win","2023-09-07","13:37:12","R_DwoRPrKB5R1UOlP","979721759","1","144250","1","/0/0/15/50/55/45/55/0/45/0","265","10","4","/1/1/0/0/0/0/0/1/0/1","6","91","/12/9/3/10/11/9/11/12/9/5","9.0999999999999996447","53","8.8333333333333339255"
"6.6.1","mac","2023-09-07","13:39:12","R_3I43wNW3DgwfWyu","979721768","1","26212","1","/0/0/0/0/0/0/0/0/25/5","30","10","0","/0/0/0/0/0/0/0/0/0/0","10","6","/0/0/0/0/0/0/0/0/5/1","0.60","6","0.5999999999999999778"
"6.6.1","win","2023-09-07","12:37:43","R_3Pibfr1g5eOWaXX","979721762","1","122315","1","/0/45/0/55/50/0/0/50/25/0","225","10","5","/1/0/1/0/0/1/1/0/0/1","5","72","/3/9/7/11/10/9/3/10/5/5","7.2000000000000001776","45","9"
"6.6.1","win","2023-09-07","10:40:41","R_24d5O4wCaTkBhHM","979721757","1","89759","1","/30/45/55/75/0/0/0/40/50/0","295","10","4","/0/0/0/0/1/1/0/0/0/1","6","95","/6/9/11/15/3/14/10/8/10/9","9.5","59","9.8333333333333339255"
"6.6.1","win","2023-09-07","11:37:18","R_1KwlQk8gZjuB0Lg","979721758","1","169215","1","/0/0/0/40/50/40/50/60/0/60","300","10","4","/1/1/1/0/0/0/0/0/1/0","6","100","/8/9/9/8/10/8/10/12/14/12","0.00","60","10"
"6.6.1","win","2023-09-07","13:37:32","R_1N7ZBvlvnOsxNch","979721760","1","164236","1","/0/20/35/75/0/45/50/0/50/0","275","10","4","/1/0/0/0/1/0/0/1/0/1","6","89","/8/4/7/15/9/9/10/8/10/9","8.9000000000000003553","55","9.1666666666666660745"
"6.6.1","win","2023-09-07","12:39:19","R_RaYUx4WAx8mpVMB","979721767","1","58877","1","/15/15/15/15/15/0/5/10/10/10","110","10","1","/0/0/0/0/0/1/0/0/0/0","9","23","/3/3/3/3/3/1/1/2/2/2","2.30","22","2.4444444444444446418"
"6.6.1","win","2023-09-07","13:39:23","R_10DjYJnE7Igyslq","979721765","1","65975","1","/0/95/90/100/0/40/0/0/40/50","415","10","4","/1/0/0/0/0/0/1/1/0/0","6","131","/19/19/18/20/13/8/4/12/8/10","13.10","83","13.8333333333333339255"
"6.6.1","win","2023-09-07","13:38:59","R_2c2gWBGXQOq70fY","979721763","1","101814","1","/0/30/80/0/0/100/80/80/0/80","450","10","4","/1/0/0/1/1/0/0/0/1/0","6","133","/7/6/16/15/6/20/16/16/15/16","13.30","90","15"
"6.6.0","win","2023-09-07","11:39:25","R_3nI47XPwsyou6bO","979721769","1","100580","1","/50/95/0/0/0/45/70/70/0/65","395","10","4","/0/0/1/1/1/0/0/0/1/0","6","123","/10/19/12/1/16/9/14/14/15/13","12.30","79","13.1666666666666660745"
"6.6.3","and","2023-09-07","10:39:12","R_u50mRjyRLiirEDD","979721766","1","131539","1","/0/70/0/70/75/0/0/70/0/70","355","10","5","/1/0/1/0/0/0/1/0/1/0","5","124","/19/14/3/14/15/14/13/14/4/14","12.40","71","14.1999999999999992895"
"6.6.1","win","2023-09-07","13:41:08","R_1N7ZBvlvnOsxNch","979721760","1","37114","1","/0/25/0/35/30/40/60/50/0/0","240","10","4","/1/0/0/0/0/0/0/0/0/1","6","83","/8/5/11/7/6/8/12/10/8/8","8.3000000000000007105","48","8"
"6.6.1","win","2023-09-07","13:40:25","R_3nPlZ5Q7i4mVAyS","979721771","1","87738","1","/0/0/25/35/25/50/0/0/30/50","215","10","4","/1/1/0/0/0/0/1/1/0/0","6","60","/5/3/5/7/5/10/6/3/6/10","0.00","43","7.1666666666666669627"
"6.6.1","win","2023-09-07","12:40:27","R_3k54sdeVpmWvxqT","979721773","1","97812","1","/15/0/15/15/0/15/20/20/20/0","120","10","3","/0/1/0/0/1/0/0/0/0/1","7","30","/3/4/3/3/1/3/4/4/4/1","3","24","3.4285714285714283811"
"6.6.1","win","2023-09-07","10:40:46","R_1gNKGJYLt2iLA8E","979721764","1","98705","1","/0/40/30/40/45/50/55/60/40/0","360","10","2","/1/0/0/0/0/0/0/0/0/1","8","85","/1/8/6/8/9/10/11/12/8/12","8.5","72","9"
"6.6.1","mac","2023-09-07","12:38:55","R_3npZ0OTDXp204qr","979721761","1","223174","1","/40/50/85/0/0/0/55/50/60/55","395","10","3","/0/0/0/1/1/1/0/0/0/0","7","114","/8/10/17/5/17/13/11/10/12/11","11.40","79","11.2857142857142864756"
"6.6.1","win","2023-09-07","13:41:41","R_1rGoCgfIi0p1iW0","979721777","1","85099","1","/0/75/0/0/100/0/0/100/0/0","275","10","7","/1/0/1/1/0/1/1/0/1/1","3","141","/16/15/20/7/20/5/17/20/10/11","14.0999999999999996447","55","18.3333333333333321491"
"6.6.1","win","2023-09-07","13:40:23","R_2fiCgaTnYivVTZx","979721770","1","181468","1","/20/0/25/15/25/25/15/20/25/0","170","10","2","/0/1/0/0/0/0/0/0/0/1","8","40","/4/3/5/3/5/5/3/4/5/3","4","34","4.25"
"6.6.1","win","2023-09-07","12:47:03","R_elkNRijfgGEGmrL","979721775","1","130244","1","/0/0/40/65/100/0/70/110/0/0","385","10","5","/1/1/0/0/0/1/0/0/1/1","5","104","/9/2/8/13/20/4/14/22/11/1","10.4000000000000003553","77","15.4000000000000003553"
"6.6.1","win","2023-09-07","10:42:00","R_28USiK1AZto53CZ","979721779","1","120093","1","/50/0/50/60/0/60/60/65/60/65","470","10","2","/0/1/0/0/1/0/0/0/0/0","8","121","/10/14/10/12/13/12/12/13/12/13","12.10","94","11.75"
"6.6.1","win","2023-09-07","12:42:52","R_3sBPU939owWUqoU","979721781","1","78750","1","/30/60/20/0/30/15/20/20/10/15","220","10","1","/0/0/0/1/0/0/0/0/0/0","9","47","/6/12/4/3/6/3/4/4/2/3","4.70","44","4.8888888888888892836"
"6.6.1","win","2023-09-07","13:43:10","R_2TMHgcJoy9gt0EI","979721785","1","58952","1","/30/35/0/50/50/0/0/0/40/25","230","10","4","/0/0/1/0/0/1/1/1/0/0","6","69","/6/7/11/10/10/8/1/3/8/5","6.90","46","7.6666666666666669627"
"6.6.1","win","2023-09-07","13:41:39","R_1FtXysBVSzPrx8h","979721772","1","189074","1","/0/120/0/0/0/0/100/0/0/50","270","10","7","/0/0/1/1/1/1/0/1/1/0","3","117","/17/24/1/1/5/5/20/17/17/10","11.70","54","18"
"6.6.1","win","2023-09-07","12:42:52","R_3EMX2prl1fHwmn3","979721780","1","120757","1","/30/40/45/45/0/40/0/35/20/50","305","10","2","/0/0/0/0/1/0/1/0/0/0","8","69","/6/8/9/9/1/8/7/7/4/10","6.90","61","7.625"
"6.6.1","win","2023-09-07","10:43:45","R_UckHsZStW8iPmj7","979721786","1","93504","1","/50/110/0/100/0/130/0/0/0/0","390","10","6","/0/0/1/0/1/0/1/1/1/1","4","157","/10/22/10/20/8/26/8/21/19/13","15.6999999999999992895","78","19.5"
"6.6.1","win","2023-09-07","12:41:43","R_1Fh0kUzfRTuuEVD","979721776","1","213495","1","/15/0/20/25/35/45/50/0/0/60","250","10","2","/0/1/0/0/0/0/0/1/0/0","8","56","/3/1/4/5/7/9/10/5/0/12","5.60","50","6.25"
"6.6.1","win","2023-09-07","10:45:00","R_28USiK1AZto53CZ","979721779","1","63438","1","/60/60/65/0/0/50/0/50/60/60","405","10","3","/0/0/0/1/1/0/1/0/0/0","7","103","/12/12/13/11/5/10/6/10/12/12","10.30","81","11.5714285714285711748"
"6.6.1","mac","2023-09-07","13:44:53","R_3KvxvbwgqrsMCiW","979721793","1","93261","1","/70/0/0/80/105/120/0/0/90/0","465","10","5","/0/1/1/0/0/0/1/1/0/1","5","156","/14/23/11/16/21/24/1/27/18/1","15.5999999999999996447","93","18.6000000000000014211"
"6.6.1","win","2023-09-07","11:45:33","R_3mgHEF1LOGJJDZt","979721802","1","60091","1","/50/25/50/50/50/0/0/15/25/40","305","10","2","/0/0/0/0/0/1/1/0/0/0","8","68","/10/5/10/10/10/1/6/3/5/8","6.80","61","7.625"
"6.6.1","win","2023-09-07","13:45:32","R_2eQ1AxLd5rQJwO4","979721797","1","65185","1","/30/30/35/0/0/0/30/30/30/35","220","10","3","/0/0/0/1/0/1/0/0/0/0","7","60","/6/6/7/9/5/2/6/6/6/7","0.00","44","6.2857142857142855874"
"6.6.1","win","2023-09-07","12:45:22","R_3ELjZWNH83rKL1Y","979721799","1","74856","1","/65/95/0/70/70/0/55/65/70/0","490","10","3","/0/0/1/0/0/1/0/0/0/0","7","145","/13/19/21/14/14/11/11/13/14/15","14.5","98","14"
"6.6.1","win","2023-09-07","12:44:35","R_1KygB6v7cEzsV63","979721787","1","126529","1","/15/20/25/35/0/0/10/15/15/20","155","10","2","/0/0/0/0/1/1/0/0/0/0","8","41","/3/4/5/7/7/3/2/3/3/4","4.10","31","3.875"
"6.6.1","win","2023-09-07","13:45:16","R_29ofaotuc62hYbb","979721795","1","89084","1","/20/20/20/20/20/20/20/0/20/20","180","10","1","/0/0/0/0/0/0/0/1/0/0","9","38","/4/4/4/4/4/4/4/2/4/4","3.80","36","4"
"6.6.1","win","2023-09-07","10:44:48","R_BAk4cOQeOUu1TSV","979721788","1","119876","1","/0/20/25/30/50/60/65/0/0/70","320","10","3","/1/0/0/0/0/0/0/1/1/0","7","73","/2/4/5/6/10/12/13/6/1/14","7.30","64","9.1428571428571423496"
"6.6.3","and","2023-09-07","13:45:06","R_3lQDTjv9H70NPuG","979721790","1","112362","1","/25/0/20/0/10/5/10/10/10/10","100","10","1","/0/1/0/0/0/0/0/0/0/0","9","27","/5/7/4/0/2/1/2/2/2/2","2.70","20","2.2222222222222223209"
"6.6.1","win","2023-09-07","13:46:12","R_1KsdkR5HnTD45tD","979721774","1","52114","1","/0/75/75/0/0/55/0/45/50/0","300","10","5","/1/0/0/1/1/0/1/0/0/1","5","104","/16/15/15/11/6/11/3/9/10/8","10.4000000000000003553","60","12"
"6.6.1","win","2023-09-07","12:45:23","R_21H4yJdNbBfxBlX","979721792","1","102578","1","/55/0/0/0/25/30/40/50/0/35","235","10","4","/0/1/1/1/0/0/0/0/1/0","6","83","/11/16/5/8/5/6/8/10/7/7","8.30","47","7.8333333333333330373"
"6.6.1","win","2023-09-07","13:45:52","R_1IY1gBVtQrwfens","979721778","1","86028","1","/5/10/0/10/5/5/10/5/5/5","60","10","1","/0/0/0/0/0/0/0/0/0/0","9","13","/1/2/1/2/1/1/2/1/1/1","1.30","12","1.3333333333333332593"
"6.6.1","win","2023-09-07","12:45:33","R_2dXzdrfEWFsN2YQ","979721794","1","116047","1","/0/75/100/0/0/0/90/95/0/0","360","10","6","/1/0/0/1/0/1/0/0/1/0","4","140","/14/15/20/2/20/6/18/19/6/20","14","72","18"
"6.6.1","win","2023-09-07","13:46:36","R_1IW5H4noHpyRDAy","979721805","1","94821","1","/0/75/0/0/85/100/0/0/125/65","450","10","5","/1/0/1/1/0/0/1/1/0/0","5","152","/1/15/2/24/17/20/14/21/25/13","15.20","90","18"
"6.6.1","win","2023-09-07","13:46:11","R_PNxK4vq2ttqfQRj","979721803","1","97730","1","/0/0/25/25/0/0/20/20/15/20","125","10","4","/1/1/0/0/1/1/0/0/0/0","6","47","/9/5/5/5/6/2/4/4/3/4","4.70","25","4.1666666666666669627"
"6.6.1","win","2023-09-07","12:47:59","R_eG9PCTERByHPtyV","979721796","1","110683","1","/0/15/15/20/15/20/25/25/25/25","185","10","1","/1/0/0/0/0/0/0/0/0/0","9","40","/3/3/3/4/3/4/5/5/5/5","0.00","37","4.1111111111111107164"
"6.6.1","win","2023-09-07","10:46:44","R_pKu85xiZAILWxIR","979721798","1","91370","1","/0/15/20/25/30/35/0/15/0/30","170","10","3","/1/0/0/0/0/0/1/0/1/0","7","39","/2/3/4/5/6/7/1/3/2/6","3.90","34","4.8571428571428567622"
"6.6.1","win","2023-09-07","12:46:06","R_WwEfWnIuJztZ86B","979721801","1","127797","1","/50/50/0/0/0/0/0/50/50/45","245","10","5","/0/0/1/1/1/1/1/0/0/0","5","98","/10/10/10/9/11/12/7/10/10/9","9.80","49","9.8000000000000007105"
"6.6.1","win","2023-09-07","10:47:29","R_3DjXJxXDTzbVFlk","979721809","1","63550","1","/0/0/0/25/40/45/50/0/65/75","300","10","4","/1/1/1/0/0/0/0/1/0/0","6","84","/1/3/4/5/8/9/10/16/13/15","8.40","60","10"
"6.6.1","win","2023-09-07","13:46:43","R_z73QCT9Y9rV8tfX","979721810","1","109031","1","/45/0/15/40/30/0/80/70/0/105","385","10","3","/0/1/0/0/0/1/0/0/1/0","7","110","/9/6/3/8/6/24/16/14/3/21","0.00","77","11"
"6.6.0","win","2023-09-07","13:46:19","R_3oRtZBUuyQIzjW2","979721808","1","136426","1","/0/15/15/15/15/15/0/15/15/15","120","10","2","/0/0/0/0/0/0/1/0/0/0","8","29","/4/3/3/3/3/3/1/3/3/3","2.90","24","3"
"6.6.1","mac","2023-09-07","13:44:17","R_3EaFHHSD0OqDNNY","979721791","1","261088","1","/30/45/65/0/35/45/60/55/60/45","440","10","1","/0/0/0/1/0/0/0/0/0/0","9","91","/6/9/13/3/7/9/12/11/12/9","9.10","88","9.7777777777777785673"
"6.6.1","win","2023-09-07","12:47:36","R_3GkxlKVcUyxTYEV","979721814","1","83679","1","/0/60/0/0/65/125/0/0/65/40","355","10","5","/1/0/1/0/0/0/1/1/0/0","5","115","/3/12/2/13/13/25/23/3/13/8","11.50","71","14.1999999999999992895"
"6.6.1","win","2023-09-07","13:47:30","R_sG1UgNnkLObLUkh","979721813","1","93751","1","/45/20/50/85/90/0/0/0/0/15","305","10","3","/0/0/0/0/0/1/1/1/0/0","7","66","/9/4/10/17/18/3/1/1/0/3","6.60","61","8.7142857142857135244"
"6.6.1","win","2023-09-07","12:46:32","R_qx73fSA5Rcq77nH","979721789","1","152994","1","/25/50/0/25/0/25/35/25/25/0","210","10","3","/0/0/1/0/1/0/0/0/0/1","7","53","/5/10/3/5/1/5/7/5/5/7","5.2999999999999998224","42","6"
"6.6.1","win","2023-09-07","10:47:11","R_1jrC5Jy5Why1ogc","979721811","1","116035","1","/0/25/30/35/50/0/75/90/0/75","380","10","3","/1/0/0/0/0/1/0/0/1/0","7","113","/6/5/6/7/10/14/15/18/17/15","11.30","76","10.8571428571428576504"
"6.6.1","mac","2023-09-07","11:46:50","R_2TY9lXw3T6KC85o","979721812","1","148454","1","/0/45/0/0/45/0/45/60/0/65","260","10","5","/1/0/1/1/0/1/0/0/1/0","5","96","/4/9/13/11/9/6/9/12/10/13","9.60","52","10.4000000000000003553"
"6.6.1","win","2023-09-07","13:47:53","R_1gTKhjA66t9zEsN","979721818","1","94048","1","/40/0/40/40/45/45/45/45/45/50","395","10","1","/0/1/0/0/0/0/0/0/0/0","9","84","/8/5/8/8/9/9/9/9/9/10","8.40","79","8.7777777777777785673"
"6.6.1","win","2023-09-07","12:48:51","R_27VBtwxMg26dwl6","979721822","1","59360","1","/90/0/0/0/0/0/0/0/0/0","90","10","9","/0/1/1/1/1/1/1/1/1/1","1","67","/18/7/2/7/2/14/3/6/2/6","6.7000000000000001776","18","18"
"6.6.0","win","2023-09-07","10:48:19","R_2vf58nvCViEvQUq","979721819","1","101590","1","/35/0/40/20/40/75/0/0/0/0","210","10","5","/0/1/0/0/0/0/1/1/1/1","5","81","/7/1/8/4/8/15/8/3/18/9","8.0999999999999996447","42","8.4000000000000003553"
"6.6.1","win","2023-09-07","13:48:34","R_1Qi83iszFQ0WL5Q","979721820","1","96885","1","/45/40/45/0/0/35/45/0/45/45","300","10","3","/0/0/0/0/1/0/0/1/0/0","7","83","/9/8/9/9/8/7/9/6/9/9","8.30","60","8.5714285714285711748"
"6.6.1","win","2023-09-07","12:49:38","R_1fl0pmogt9w6Fi9","979721824","1","45786","1","/0/0/15/20/25/0/30/0/35/0","125","10","4","/1/1/0/0/0/0/0/0/0/1","6","51","/3/3/3/4/5/0/6/11/7/9","5.0999999999999996447","25","4.1666666666666669627"
"6.6.1","mac","2023-09-07","10:48:42","R_30cWPABEEvCVRK7","979721821","1","108070","1","/0/25/25/0/40/50/0/50/50/50","290","10","3","/1/0/0/1/0/0/1/0/0/0","7","74","/5/5/5/1/8/10/10/10/10/10","7.40","58","8.2857142857142864756"
"6.6.3","and","2023-09-07","13:48:18","R_1TvhLj9V9XzxB5L","979721817","1","135878","1","/0/0/20/35/40/55/55/60/0/45","310","10","3","/1/1/0/0/0/0/0/0/1/0","7","73","/8/1/4/7/8/11/11/12/2/9","7.30","62","8.8571428571428576504"
"6.6.1","mac","2023-09-07","12:50:02","R_3MapDTexdvPP8sd","979721826","1","51002","1","/0/25/30/30/30/30/30/30/30/0","235","10","2","/1/0/0/0/0/0/0/0/0/1","8","58","/7/5/6/6/6/6/6/6/6/4","5.7999999999999998224","47","5.875"
"6.6.1","win","2023-09-07","10:50:16","R_28USiK1AZto53CZ","979721779","1","61742","1","/60/60/60/60/0/60/70/80/0/50","500","10","2","/0/0/0/0/1/0/0/0/1/0","8","107","/12/12/12/12/6/12/14/16/1/10","10.70","100","12.5"
"6.6.1","win","2023-09-07","13:49:55","R_3oBp1lPORZeOyUr","979721825","1","86751","1","/20/0/20/35/50/0/50/50/0/25","250","10","3","/0/1/0/0/0/1/0/0/1/0","7","76","/4/4/4/7/10/12/10/10/10/5","7.60","50","7.1428571428571432378"
"6.6.1","win","2023-09-07","11:49:23","R_3iWGWtS2HTHLdTp","979721823","1","128504","1","/50/0/40/55/50/60/45/55/0/0","355","10","3","/0/1/0/0/0/0/0/0/1/1","7","89","/10/9/8/11/10/12/9/11/1/8","8.9000000000000003553","71","10.1428571428571423496"
"6.6.1","mac","2023-09-07","10:50:25","R_3PLcU5uRTBR4pa7","979721828","1","73110","1","/0/10/10/15/0/15/15/0/25/15","105","10","3","/1/0/0/0/1/0/0/1/0/0","7","26","/2/2/2/3/2/3/3/1/5/3","2.60","21","3"
"6.6.1","win","2023-09-07","13:43:23","R_yL3cXu4jO1MPMit","979721783","1","522442","1","/30/35/0/0/0/20/0/20/30/25","160","10","4","/0/0/1/1/1/0/1/0/0/0","6","54","/6/7/9/5/4/4/4/4/6/5","5.40","32","5.3333333333333330373"
"6.6.1","win","2023-09-07","12:51:00","R_1Hi6Ajqj00p025U","979721833","1","71037","1","/0/30/0/35/0/40/40/50/50/25","270","10","3","/1/0/1/0/1/0/0/0/0/0","7","67","/7/6/1/7/5/8/8/10/10/5","6.70","54","7.7142857142857144126"
"6.6.1","win","2023-09-07","13:51:23","R_zchDKPoEm0BVCAF","979721836","1","60281","1","/0/0/60/60/0/40/45/0/25/30","260","10","4","/1/1/0/0/1/0/0/1/0/0","6","86","/1/20/12/12/9/8/9/4/5/6","8.60","52","8.6666666666666660745"
"6.6.1","win","2023-09-07","10:51:00","R_25F7st5HXdkBAMO","979721830","1","87034","1","/5/5/5/5/5/5/5/5/5/5","50","10","0","/0/0/0/0/0/0/0/0/0/0","10","10","/1/1/1/1/1/1/1/1/1/1","0.00","10","1"
"6.6.1","win","2023-09-07","10:51:17","R_1Qz9meP0vh7aaxI","979721832","1","71603","1","/0/75/75/75/75/0/75/75/75/75","600","10","2","/1/0/0/0/0/1/0/0/0/0","8","146","/18/15/15/15/15/8/15/15/15/15","14.60","120","15"
"6.6.3","and","2023-09-07","13:51:50","R_1TvhLj9V9XzxB5L","979721817","1","45032","1","/65/55/50/50/0/0/35/40/45/0","340","10","2","/0/0/0/0/1/1/0/0/0/0","8","84","/13/11/10/10/9/7/7/8/9/0","8.40","68","8.5"
"6.6.1","win","2023-09-07","13:50:34","R_UWw7zKxejDMVtR","979721829","1","133579","1","/45/0/30/45/60/55/55/60/0/55","405","10","2","/0/1/0/0/0/0/0/0/1/0","8","100","/9/5/6/9/12/11/11/12/14/11","0.00","81","10.125"
"6.6.1","win","2023-09-07","13:51:53","R_3jZoUPvrh9ok0Ks","979721838","1","55881","1","/30/30/35/45/40/0/0/45/60/65","350","10","2","/0/0/0/0/0/1/1/0/0/0","8","74","/6/6/7/9/8/2/2/9/12/13","7.40","70","8.75"
"6.6.1","win","2023-09-07","12:51:05","R_2YRmVJW52hWxXXG","979721831","1","116208","1","/40/60/0/0/25/45/40/60/0/40","310","10","3","/0/0/1/1/0/0/0/0/1/0","7","80","/8/12/8/5/5/9/8/12/5/8","0.00","62","8.8571428571428576504"
"6.6.1","win","2023-09-07","13:51:40","R_1mCt7RINxvPy4NI","979721839","1","85462","1","/90/0/75/0/0/0/0/80/0/65","310","10","6","/0/1/0/1/1/1/1/0/1/0","4","120","/18/13/15/11/6/2/20/16/6/13","0.00","62","15.5"
"6.6.0","win","2023-09-07","12:52:17","R_UfGxrcnqInI3fep","979721843","1","72981","1","/25/25/25/50/25/50/50/25/50/50","375","10","0","/0/0/0/0/0/0/0/0/0/0","10","75","/5/5/5/10/5/10/10/5/10/10","7.50","75","7.5"
"6.6.1","win","2023-09-07","13:51:42","R_3Kq4eG5ZGPzmSay","979721837","1","107348","1","/0/0/30/50/0/0/55/0/0/0","135","10","7","/1/1/0/0/1/1/0/1/1/1","3","102","/14/5/6/10/28/8/11/7/6/7","10.1999999999999992895","27","9"
"6.6.1","win","2023-09-07","13:52:07","R_1pSihpR0gfDMjMD","979721841","1","96815","1","/0/0/25/30/30/30/40/40/30/0","225","10","1","/0/0/0/0/0/0/0/0/0/1","9","49","/0/0/5/6/6/6/8/8/6/4","4.9000000000000003553","45","5"
"6.6.1","win","2023-09-07","13:52:25","R_1GPOSMWccRipkVz","979721840","1","82763","1","/30/35/35/15/30/50/40/50/45/0","330","10","1","/0/0/0/0/0/0/0/0/0/1","9","73","/6/7/7/3/6/10/8/10/9/7","7.2999999999999998224","66","7.3333333333333330373"
"6.6.1","win","2023-09-07","12:52:06","R_2ylWJmvwNrZOSqg","979721842","1","101038","1","/0/0/0/15/15/20/20/25/25/30","150","10","3","/1/1/0/0/0/0/0/0/0/0","7","35","/1/2/2/3/3/4/4/5/5/6","3.50","30","4.2857142857142855874"
"6.6.3","and","2023-09-07","13:53:21","R_10BFbhJxKZnzu2k","979721844","1","105154","1","/25/0/30/35/0/0/40/0/45/0","175","10","5","/0/1/0/0/1/1/0/1/0/0","5","64","/5/3/6/7/6/5/8/6/9/9","6.4000000000000003553","35","7"
"6.6.0","win","2023-09-07","12:53:31","R_2b1ToXjHY48yFod","979721851","1","73119","1","/25/0/0/0/10/15/20/25/20/0","115","10","4","/0/1/1/1/0/0/0/0/0/1","6","43","/5/8/3/3/2/3/4/5/4/6","4.2999999999999998224","23","3.8333333333333334814"
"6.6.1","win","2023-09-07","10:53:36","R_2qw6i9A9bqHL1mn","979721846","1","71694","1","/0/25/25/0/0/25/25/25/25/25","175","10","3","/1/0/0/1/1/0/0/0/0/0","7","39","/2/5/5/1/1/5/5/5/5/5","3.90","35","5"
"6.6.1","win","2023-09-07","13:51:58","R_QbtLE3sM5KdFUn7","979721835","1","186628","1","/75/0/50/120/0/0/0/0/0/0","245","10","7","/0/1/0/0/1/1/1/1/1/1","3","198","/15/7/10/24/27/30/14/22/23/26","19.8000000000000007105","49","16.3333333333333321491"
"6.6.3","and","2023-09-07","12:54:02","R_5BgoKYpntSXdpIJ","979721852","1","65716","1","/0/0/40/0/0/20/30/10/40/0","140","10","5","/0/1/0/1/0/0/0/0/0/1","5","53","/6/1/8/2/5/4/6/2/8/11","5.2999999999999998224","28","5.5999999999999996447"
"6.6.1","win","2023-09-07","12:54:07","R_2WOoMHpj8IaFsDy","979721856","1","68820","1","/0/25/0/0/25/0/25/25/25/25","150","10","4","/1/0/1/1/0/1/0/0/0/0","6","60","/5/5/10/9/5/6/5/5/5/5","0.00","30","5"
"6.6.1","win","2023-09-07","13:54:39","R_3kyRwEiMXUJIzzu","979721863","1","47014","1","/25/0/25/65/0/0/0/65/0/0","180","10","6","/0/1/0/0/1/1/1/0/1/1","4","61","/5/1/5/13/2/3/1/13/1/17","6.0999999999999996447","36","9"
"6.6.1","win","2023-09-07","10:54:25","R_3Pt41j7LWnQEikZ","979721860","1","69656","1","/10/0/15/10/15/20/0/0/10/0","80","10","3","/0/1/0/0/0/0/1/0/0/1","7","24","/2/1/3/2/3/4/4/0/2/3","2.3999999999999999112","16","2.2857142857142855874"
"6.6.1","win","2023-09-07","10:49:36","R_qwmKQ5XKqqrFdYt","979721807","1","581204","1","/0/25/35/0/0/0/15/25/15/25","140","10","3","/1/0/0/1/0/1/0/0/0/0","7","35","/1/5/7/5/0/1/3/5/3/5","3.50","28","4"
"6.6.1","win","2023-09-07","13:52:46","R_2pWvhAZM3qWFQ4n","979721834","1","190198","1","/70/65/0/0/15/0/45/0/0/35","230","10","5","/0/0/1/1/0/0/0/1/1/0","5","87","/14/13/17/6/3/7/9/10/1/7","8.70","46","9.1999999999999992895"
"6.6.1","win","2023-09-07","12:54:33","R_1hASHBtQH5yB0Zr","979721857","1","77460","1","/25/25/30/30/40/45/55/0/0/50","300","10","2","/0/0/0/0/0/0/0/1/1/0","8","77","/5/5/6/6/8/9/11/13/4/10","7.70","60","7.5"
"6.6.3","and","2023-09-07","13:53:48","R_3Dd3Xsto9gPQ4Af","979721854","1","123083","1","/5/10/15/0/5/10/15/20/25/0","105","10","2","/0/0/0/1/0/0/0/0/0/1","8","26","/1/2/3/2/1/2/3/4/5/3","2.6000000000000000888","21","2.625"
"6.6.1","win","2023-09-07","13:57:10","R_3maYYTlreuUAFgw","979721870","1","51900","1","/0/25/0/25/30/40/50/0/85/100","355","10","3","/1/0/0/0/0/0/0/1/0/0","7","76","/1/5/3/5/6/8/10/1/17/20","7.60","71","10.1428571428571423496"
"6.6.1","win","2023-09-07","13:54:31","R_3kb4pyUrL713MGg","979721847","1","99203","1","/0/0/75/0/75/0/75/75/0/80","380","10","5","/1/1/0/1/0/1/0/0/1/0","5","133","/25/3/15/5/15/17/15/15/7/16","13.30","76","15.1999999999999992895"
"6.6.1","win","2023-09-07","13:54:12","R_2WH9JE3qDbUUn9u","979721848","1","123185","1","/25/0/0/30/20/25/50/0/60/30","240","10","3","/0/0/1/0/0/0/0/1/0/0","7","59","/5/7/3/6/4/5/10/1/12/6","5.90","48","6.8571428571428567622"
"6.6.1","win","2023-09-07","13:53:44","R_2cedz6SEEpsoQwd","979721853","1","165845","1","/5/20/35/45/0/25/25/40/35/40","270","10","1","/0/0/0/0/1/0/0/0/0/0","9","55","/1/4/7/9/1/5/5/8/7/8","5.50","54","6"
"6.6.3","and","2023-09-07","13:54:54","R_SCs1rQNDV01YLsd","979721867","1","104523","1","/40/50/60/0/55/65/0/60/65/60","455","10","2","/0/0/0/1/0/0/1/0/0/0","8","100","/8/10/12/5/11/13/4/12/13/12","0.00","91","11.375"
"6.6.1","mac","2023-09-07","13:55:41","R_Xjg9oiHNkcbao7f","979721876","1","59797","1","/25/0/25/25/25/25/25/0/25/25","200","10","2","/0/1/0/0/0/0/0/1/0/0","8","48","/5/5/5/5/5/5/5/3/5/5","4.80","40","5"
"6.6.1","win","2023-09-07","13:55:34","R_1gcgFcZF0qmbijO","979721861","1","71867","1","/0/50/0/50/0/45/0/50/55/40","290","10","4","/1/0/1/0/1/0/0/0/0/0","6","86","/10/10/9/10/1/9/8/10/11/8","8.60","58","9.6666666666666660745"
"6.6.1","win","2023-09-07","13:55:19","R_26gXtwprsbog0yx","979721871","1","87236","1","/75/60/75/75/0/0/50/50/75/0","460","10","3","/0/0/0/0/1/0/0/0/0/1","7","116","/15/12/15/15/9/10/10/10/15/5","11.5999999999999996447","92","13.1428571428571423496"
"6.6.1","win","2023-09-07","12:54:53","R_2qlMOtqdHJyzKJT","979721864","1","117230","1","/15/20/30/0/25/35/0/25/30/25","205","10","2","/0/0/0/1/0/0/0/0/0/0","8","52","/3/4/6/5/5/7/6/5/6/5","5.20","41","5.125"
"6.6.1","win","2023-09-07","13:54:10","R_BGmDz7FzxyVsIUh","979721855","1","161796","1","/0/60/30/70/0/40/0/60/0/60","320","10","4","/1/0/0/0/1/0/1/0/1/0","6","102","/2/12/6/14/13/8/1/12/22/12","10.20","64","10.6666666666666660745"
"6.6.1","win","2023-09-07","13:55:21","R_3KDPgLdKFmGqg3z","979721868","1","97599","1","/0/0/25/40/50/0/75/0/60/75","325","10","4","/1/1/0/0/0/1/0/1/0/0","6","102","/4/7/5/8/10/22/15/4/12/15","10.20","65","10.8333333333333339255"
"6.6.1","win","2023-09-07","12:55:47","R_bkm89b30esCVrz3","979721869","1","80958","1","/0/0/0/35/0/35/0/50/30/40","190","10","5","/1/1/1/0/1/0/1/0/0/0","5","90","/31/2/8/7/8/7/3/10/6/8","0.00","38","7.5999999999999996447"
"6.6.1","win","2023-09-07","13:55:50","R_2V2RSnEd9tBEt2A","979721872","1","89176","1","/40/80/100/0/100/130/0/0/0/125","575","10","4","/0/0/0/0/0/0/1/1/1/0","6","163","/8/16/20/27/20/26/17/1/3/25","16.30","115","19.1666666666666678509"
"6.6.1","win","2023-09-07","12:55:31","R_xDVxkmEXyJMKAkF","979721845","1","110143","1","/0/15/60/60/0/0/70/100/75/100","480","10","3","/1/0/0/0/1/1/0/0/0/0","7","111","/4/3/12/12/10/1/14/20/15/20","11.10","96","13.7142857142857135244"
"6.6.1","win","2023-09-07","12:55:58","R_22KtHFf6wcIr8zF","979721874","1","84862","1","/0/75/85/0/0/100/100/0/100/0","460","10","5","/1/0/0/1/1/0/0/1/0/1","5","164","/15/15/17/15/5/20/20/10/20/27","16.3999999999999985789","92","18.3999999999999985789"
"6.6.1","mac","2023-09-07","13:55:35","R_2rZxJykp6Yyzv0e","979721849","1","119563","1","/45/30/40/0/35/40/15/35/30/0","270","10","2","/0/0/0/1/0/0/0/0/0/1","8","62","/9/6/8/3/7/8/3/7/6/5","6.2000000000000001776","54","6.75"
"6.6.1","win","2023-09-07","13:54:37","R_qQmlxo3xbEB4QKt","979721859","1","170029","1","/100/0/0/0/25/40/50/100/100/100","515","10","3","/0/1/1/1/0/0/0/0/0/0","7","117","/20/3/8/3/5/8/10/20/20/20","11.70","103","14.7142857142857135244"
"6.6.1","win","2023-09-07","13:56:01","R_1mJBant7N9QU2WV","979721880","1","93312","1","/35/0/25/40/0/0/30/35/40/50","255","10","3","/0/1/0/0/1/1/0/0/0/0","7","69","/7/4/5/8/8/6/6/7/8/10","6.90","51","7.2857142857142855874"
"6.6.1","win","2023-09-07","10:55:37","R_OsdnUQ6t9XnPzUJ","979721875","1","126788","1","/0/30/0/30/40/45/100/0/0/60","305","10","4","/1/0/1/0/0/0/0/1/1/0","6","87","/3/6/2/6/8/9/20/18/3/12","8.70","61","10.1666666666666660745"
"6.6.1","win","2023-09-07","12:56:24","R_r7rBa1vab90f01r","979721850","1","89936","1","/0/10/15/25/25/30/15/35/0/25","180","10","2","/1/0/0/0/0/0/0/0/1/0","8","42","/3/2/3/5/5/6/3/7/3/5","4.20","36","4.5"
"6.6.1","win","2023-09-07","13:57:32","R_3niMzlvhfjvsLBS","979721891","1","31614","1","/25/25/0/20/30/30/35/0/25/25","215","10","2","/0/0/1/0/0/0/0/1/0/0","8","50","/5/5/1/4/6/6/7/6/5/5","0.00","43","5.375"
"6.6.1","mac","2023-09-07","13:57:49","R_Z1WExdJVI5Teohz","979721888","1","30838","1","/30/50/0/0/30/0/0/25/20/25","180","10","3","/0/0/1/0/0/1/1/0/0/0","7","53","/6/10/10/0/6/1/6/5/4/5","5.30","36","5.1428571428571432378"
"6.6.1","win","2023-09-07","13:57:08","R_11dbochq3fYxRIM","979721879","1","75603","1","/0/0/0/0/0/0/0/0/0/0","0","10","10","/1/1/1/1/1/1/1/1/1/1","0","178","/8/23/32/9/4/32/19/17/24/10","17.8000000000000007105","0","0"
"6.6.1","win","2023-09-07","13:57:39","R_3mjxtmGbxGJ5G0p","979721893","1","59289","1","/0/85/0/90/40/45/110/45/0/75","490","10","3","/1/0/1/0/0/0/0/0/1/0","7","137","/8/17/23/18/8/9/22/9/8/15","13.70","98","14"
"6.6.1","win","2023-09-07","13:56:30","R_3hhwlmKmElJbEUz","979721878","1","135102","1","/0/40/20/0/0/15/25/30/35/30","195","10","3","/1/0/0/1/1/0/0/0/0/0","7","54","/7/8/4/4/4/3/5/6/7/6","5.40","39","5.5714285714285711748"
"6.6.1","mac","2023-09-07","10:57:31","R_3itb4HMIPdt67L6","979721866","1","84669","1","/15/45/15/20/0/35/30/40/0/0","200","10","3","/0/0/0/0/0/0/0/0/1/1","7","53","/3/9/3/4/5/7/6/8/1/7","5.2999999999999998224","40","5.7142857142857144126"
"6.6.1","win","2023-09-07","10:55:27","R_3037Ya4AU2vYIOj","979721865","1","208804","1","/50/0/30/0/75/120/0/150/0/0","425","10","5","/0/1/0/1/0/0/1/0/1/1","5","158","/10/12/6/10/15/24/19/30/15/17","15.8000000000000007105","85","17"
"6.6.1","win","2023-09-07","13:57:29","R_2EcWC3d7z0gxPf9","979721881","1","81411","1","/65/80/90/0/0/100/0/0/0/0","335","10","6","/0/0/0/1/1/0/1/1/1/1","4","120","/13/16/18/17/1/20/10/6/16/3","12","67","16.75"
"6.6.1","mac","2023-09-07","13:56:42","R_1o0gbYBS9J9U5H","979721883","1","153458","1","/40/30/0/0/40/20/50/80/40/60","360","10","2","/0/0/1/1/0/0/0/0/0/0","8","79","/8/6/5/2/8/4/10/16/8/12","7.90","72","9"
"6.6.1","win","2023-09-07","10:56:57","R_2qz3lOTVcVcyp1T","979721877","1","142640","1","/50/50/50/0/55/0/0/0/10/20","235","10","4","/0/0/0/1/0/1/1/1/0/0","6","76","/10/10/10/10/11/9/5/5/2/4","7.60","47","7.8333333333333330373"
"6.6.0","win","2023-09-07","12:57:15","R_2D6QR4PmNSpBfCK","979721887","1","145770","1","/20/20/25/35/45/70/0/80/0/55","350","10","2","/0/0/0/0/0/0/1/0/1/0","8","97","/4/4/5/7/9/14/15/16/12/11","9.70","70","8.75"
"6.6.1","mac","2023-09-07","10:59:30","R_4Pe6dRXmBuRm0ql","979721904","1","37401","1","/0/0/0/0/15/30/45/40/0/30","160","10","5","/1/1/0/1/0/0/0/0/1/0","5","56","/4/5/8/2/3/6/9/8/5/6","5.60","32","6.4000000000000003553"
"6.6.1","win","2023-09-07","13:59:04","R_1IWSixJ8i5Dlsnd","979721900","1","68306","1","/50/40/40/50/40/40/45/40/0/0","345","10","2","/0/0/0/0/0/0/0/0/1/0","8","78","/10/8/8/10/8/8/9/8/9/0","7.7999999999999998224","69","8.625"
"6.6.0","win","2023-09-07","10:58:49","R_tWYvmU9JFtAIJjP","979721895","1","79148","1","/0/0/0/10/15/20/10/0/0/15","70","10","5","/1/1/1/0/0/0/0/1/1/0","5","26","/3/4/1/2/3/4/2/3/1/3","2.60","14","2.7999999999999998224"
"6.6.1","win","2023-09-07","10:57:02","R_3Eu9NLDarHOf13a","979721886","1","192268","1","/35/0/0/25/35/40/50/70/50/90","395","10","2","/0/1/1/0/0/0/0/0/0/0","8","96","/7/10/7/5/7/8/10/14/10/18","9.60","79","9.875"
"6.6.1","win","2023-09-07","12:58:53","R_2uwSDpvHOI5zoiP","979721899","1","95610","1","/25/15/40/30/40/50/80/90/95/0","465","10","1","/0/0/0/0/0/0/0/0/0/1","9","95","/5/3/8/6/8/10/16/18/19/2","9.5","93","10.3333333333333339255"
"6.6.1","win","2023-09-07","10:59:29","R_3hzlCZoRAIi9ioP","979721902","1","59511","1","/50/100/100/0/0/0/50/0/0/0","300","10","6","/0/0/0/1/1/1/0/1/1/1","4","108","/10/20/20/4/7/6/10/2/13/16","10.8000000000000007105","60","15"
"6.6.1","win","2023-09-07","12:58:29","R_2rl67B2R6LQYHq5","979721890","1","123431","1","/15/5/10/15/0/15/5/10/5/0","80","10","2","/0/0/0/0/1/0/0/0/0/1","8","20","/3/1/2/3/1/3/1/2/1/3","2","16","2"
"6.6.1","win","2023-09-07","12:59:03","R_2zA4Hwj3gMx0mrI","979721885","1","112565","1","/25/35/40/50/0/40/0/0/25/0","215","10","2","/0/0/0/0/0/0/0/1/0/0","8","45","/5/7/8/10/0/8/0/2/5/0","4.50","43","5.375"
"6.6.1","and","2023-09-07","18:57:48","R_1mrehJsDsyRgvbm","979721892","1","200138","1","/40/50/55/60/0/50/55/0/0/0","310","10","4","/0/0/0/0/1/0/0/1/1/1","6","88","/8/10/11/12/2/10/11/15/6/3","8.8000000000000007105","62","10.3333333333333339255"
"6.6.1","win","2023-09-07","13:59:46","R_3lpdRVtI3h0K49j","979721898","1","98839","1","/0/50/0/0/20/25/0/25/40/0","160","10","5","/1/0/1/1/0/0/1/0/0/1","5","56","/7/10/5/3/4/5/4/5/8/5","5.5999999999999996447","32","6.4000000000000003553"
"6.6.1","mac","2023-09-07","13:00:03","R_DTBAUBFe9C3QYmJ","979721905","1","85570","1","/0/0/15/15/10/20/0/0/10/10","80","10","3","/1/0/0/0/0/0/1/1/0/0","7","21","/1/0/3/3/2/4/1/3/2/2","2.10","16","2.2857142857142855874"
"6.6.1","win","2023-09-07","14:00:03","R_3h5AlO2YPwtv4JF","979721901","1","101250","1","/0/20/30/50/70/0/0/0/50/70","290","10","4","/1/0/0/0/0/1/1/1/0/0","6","84","/4/4/6/10/14/12/8/2/10/14","8.40","58","9.6666666666666660745"
"6.6.3","and","2023-09-07","14:01:13","R_1TvhLj9V9XzxB5L","979721817","1","33297","1","/70/60/0/65/0/40/40/45/0/0","320","10","4","/0/0/1/0/1/0/0/0/1/1","6","74","/14/12/2/13/2/8/8/9/3/3","7.4000000000000003553","64","10.6666666666666660745"
"6.6.1","win","2023-09-07","14:00:51","R_3fkgyxMNc2edkJR","979721918","1","66006","1","/0/0/60/75/0/0/0/0/0/0","135","10","8","/1/1/0/0/1/1/1/1/1/1","2","88","/4/23/12/15/1/3/1/3/12/14","8.8000000000000007105","27","13.5"
"6.6.1","win","2023-09-07","14:00:42","R_3em3ftLIPj1dHU0","979721917","1","75366","1","/15/20/25/35/0/40/40/40/40/0","255","10","2","/0/0/0/0/0/0/0/0/0/0","8","69","/3/4/5/7/9/8/8/8/8/9","6.9000000000000003553","51","6.375"
"6.6.1","win","2023-09-07","14:01:09","R_25ZODa6kXuJisES","979721919","1","63516","1","/15/15/15/15/15/25/0/0/25/25","150","10","1","/0/0/0/0/0/0/1/0/0/0","9","31","/3/3/3/3/3/5/1/0/5/5","3.10","30","3.3333333333333334814"
"6.6.1","mac","2023-09-07","12:59:53","R_3saXDxyhql2keiy","979721908","1","139470","1","/35/35/0/35/30/0/35/35/35/35","275","10","2","/0/0/1/0/0/1/0/0/0/0","8","60","/7/7/3/7/6/2/7/7/7/7","0.00","55","6.875"
"6.6.1","win","2023-09-07","13:01:43","R_2OMSNU3WSYGUI7z","979721928","1","42048","1","/0/25/25/25/25/25/25/35/0/30","215","10","2","/1/0/0/0/0/0/0/0/1/0","8","56","/6/5/5/5/5/5/5/7/7/6","5.60","43","5.375"
"6.6.1","win","2023-09-07","14:00:47","R_23eQioFXdD2A29t","979721915","1","129803","1","/40/40/45/0/40/35/0/0/20/25","245","10","3","/0/0/0/1/0/0/1/0/0/0","7","67","/8/8/9/7/8/7/6/5/4/5","6.70","49","7"
"6.6.1","win","2023-09-07","14:00:04","R_UMzemflALV2twWt","979721909","1","165485","1","/80/0/0/0/0/0/55/40/0/0","175","10","7","/0/1/1/1/1/1/0/0/1/0","3","106","/16/11/12/10/13/3/11/8/10/12","10.5999999999999996447","35","11.6666666666666660745"
"6.6.1","win","2023-09-07","14:01:42","R_2qkEeeiYrpxesHx","979721927","1","70240","1","/0/0/15/30/50/30/50/25/55/50","305","10","2","/1/1/0/0/0/0/0/0/0/0","8","76","/9/6/3/6/10/6/10/5/11/10","7.60","61","7.625"
"6.6.1","win","2023-09-07","13:02:19","R_d0Ez7gwLxcQIicN","979721933","1","44379","1","/0/25/25/25/25/25/25/30/30/30","240","10","1","/1/0/0/0/0/0/0/0/0/0","9","49","/1/5/5/5/5/5/5/6/6/6","4.90","48","5.3333333333333330373"
"6.6.1","win","2023-09-08","00:00:51","R_32Ld8JJvPitCOUq","979721910","1","133803","1","/100/0/50/0/0/20/30/50/0/0","250","10","5","/0/1/0/1/1/0/0/0/1/1","5","76","/20/4/10/6/3/4/6/10/3/10","7.5999999999999996447","50","10"
"6.6.0","win","2023-09-07","14:01:52","R_YVVRIN3LIqjcDbH","979721926","1","76487","1","/25/25/25/25/25/50/0/25/30/30","260","10","1","/0/0/0/0/0/0/1/0/0/0","9","60","/5/5/5/5/5/10/8/5/6/6","0.00","52","5.7777777777777776791"
"6.6.1","mac","2023-09-07","13:01:28","R_1Hc9D09FyOjVIDY","979721924","1","103964","1","/25/50/45/80/0/55/35/40/80/50","460","10","1","/0/0/0/0/1/0/0/0/0/0","9","97","/5/10/9/16/5/11/7/8/16/10","9.70","92","10.2222222222222214327"
"6.6.3","and","2023-09-07","13:02:23","R_27eTFQCRSvOmpTm","979721907","1","50958","1","/0/25/35/0/0/70/0/40/45/40","255","10","4","/1/0/0/1/1/0/1/0/0/0","6","80","/6/5/7/5/6/14/12/8/9/8","0.00","51","8.5"
"6.6.1","win","2023-09-07","12:57:39","R_22S2IpDnZcMfAyQ","979721873","1","340764","1","/0/0/35/35/40/0/65/35/55/50","315","10","3","/1/1/0/0/0/1/0/0/0/0","7","99","/17/2/7/7/8/17/13/7/11/10","9.90","63","9"
"6.6.1","win","2023-09-07","13:00:50","R_UXc1PIzVAkSuFTr","979721897","1","161930","1","/0/15/25/15/25/0/25/20/30/25","180","10","2","/0/0/0/0/0/1/0/0/0/0","8","45","/4/3/5/3/5/5/5/4/6/5","4.50","36","4.5"
"6.6.1","win","2023-09-07","14:02:42","R_1PXz2XBsgJrPaH8","979721921","1","87171","1","/0/15/20/0/0/15/10/0/0/0","60","10","5","/1/0/0/1/1/0/0/1/1/0","5","26","/5/3/4/4/3/3/2/1/1/0","2.60","12","2.3999999999999999112"
"6.6.1","win","2023-09-07","11:00:09","R_3LZ9iNmnxTt2Qlx","979721912","1","250166","1","/30/30/35/40/45/50/55/55/0/45","385","10","1","/0/0/0/0/0/0/0/0/1/0","9","88","/6/6/7/8/9/10/11/11/11/9","8.80","77","8.5555555555555553582"
"6.6.1","mac","2023-09-07","14:02:06","R_1hFrhCeQqF7XMz9","979721916","1","162118","1","/50/55/0/0/50/10/35/55/0/0","255","10","4","/0/0/1/1/0/0/0/0/1/1","6","76","/10/11/5/1/10/2/7/11/13/6","7.5999999999999996447","51","8.5"
"6.6.1","win","2023-09-07","14:02:19","R_1dttZBqkkjz4AuY","979721929","1","143036","1","/0/95/0/0/0/0/40/70/75/0","280","10","6","/1/0/1/1/1/1/0/0/0/1","4","126","/17/19/13/5/20/8/8/14/15/7","12.5999999999999996447","56","14"
"6.6.1","win","2023-09-07","14:02:09","R_SUelMuF45viIwEN","979721930","1","160235","1","/25/15/35/60/75/0/0/100/35/0","345","10","3","/0/0/0/0/0/1/1/0/0/1","7","111","/5/3/7/12/15/13/12/20/7/17","11.0999999999999996447","69","9.8571428571428576504"
"6.6.1","win","2023-09-07","11:02:59","R_3KHDq3nrVtmfx5L","979721937","1","133264","1","/25/40/50/0/0/0/25/40/60/60","300","10","3","/0/0/0/1/1/1/0/0/0/0","7","80","/5/8/10/5/11/4/5/8/12/12","0.00","60","8.5714285714285711748"
"6.6.1","win","2023-09-07","13:03:15","R_1dlVYKuArfBumIR","979721923","1","116355","1","/35/60/0/35/0/0/25/35/40/0","230","10","4","/0/0/1/0/0/1/0/0/0/0","6","75","/7/12/6/7/8/7/5/7/8/8","7.5","46","7.6666666666666669627"
"6.6.1","win","2023-09-07","12:03:34","R_1NcmuwQrW6g8vND","979721943","1","109692","1","/55/60/0/35/45/50/0/75/0/0","320","10","4","/0/0/1/0/0/0/1/0/1/1","6","90","/11/12/8/7/9/10/4/15/7/7","9","64","10.6666666666666660745"
"6.6.1","win","2023-09-07","14:03:37","R_4GcWFesUDwSPTxv","979721947","1","113524","1","/0/35/0/0/45/0/50/60/0/75","265","10","5","/1/0/1/1/0/1/0/0/1/0","5","76","/3/7/12/6/9/1/10/12/1/15","7.60","53","10.5999999999999996447"
"6.6.1","mac","2023-09-07","14:10:54","R_2OOX6yezzjTEpht","979721931","1","54417","1","/25/0/25/25/25/0/0/20/20/20","160","10","3","/0/1/0/0/0/1/1/0/0/0","7","44","/5/1/5/5/5/6/5/4/4/4","4.40","32","4.5714285714285711748"
"6.6.1","win","2023-09-07","14:03:50","R_1oov4WuiiilqGw3","979721925","1","101563","1","/25/0/25/25/25/10/0/25/0/20","155","10","3","/0/1/0/0/0/0/1/0/1/0","7","43","/5/5/5/5/5/2/5/5/2/4","4.30","31","4.4285714285714288252"
"6.6.1","win","2023-09-07","14:04:09","R_8pjYdzAuc5Iu8St","979721956","1","84237","1","/0/0/25/0/60/0/25/0/35/40","185","10","5","/1/1/0/1/0/1/0/1/0/0","5","62","/1/2/5/12/12/3/5/7/7/8","6.20","37","7.4000000000000003553"
"6.6.1","win","2023-09-07","13:04:19","R_1LvAl4yJJhjR36f","979721950","1","83825","1","/25/0/40/0/0/40/0/0/15/35","155","10","5","/0/1/0/1/1/0/1/1/0/0","5","65","/5/9/8/8/9/8/5/3/3/7","6.50","31","6.2000000000000001776"
"6.6.1","win","2023-09-07","14:02:45","R_2ONlZ0CUssDZOeg","979721936","1","176183","1","/35/55/0/35/50/40/0/35/35/50","335","10","2","/0/0/1/0/0/0/1/0/0/0","8","87","/7/11/12/7/10/8/8/7/7/10","8.70","67","8.375"
"6.6.1","win","2023-09-07","14:03:00","R_T6ifCZ6lvkXoHK1","979721934","1","167098","1","/20/0/20/25/30/30/30/30/30/0","215","10","2","/0/1/0/0/0/0/0/0/0/1","8","51","/4/4/4/5/6/6/6/6/6/4","5.0999999999999996447","43","5.375"
"6.6.1","win","2023-09-07","13:02:22","R_3QKsXHYzpDJ97bT","979721932","1","207895","1","/0/10/20/25/30/0/25/20/25/35","190","10","2","/1/0/0/0/0/1/0/0/0/0","8","44","/3/2/4/5/6/3/5/4/5/7","4.40","38","4.75"
"6.6.1","win","2023-09-07","14:03:12","R_3GrhIUXTw9uBB4Z","979721896","1","161569","1","/65/90/100/110/0/50/0/0/20/40","475","10","3","/0/0/0/0/1/0/1/1/0/0","7","120","/13/18/20/22/10/10/11/4/4/8","0.00","95","13.5714285714285711748"
"6.6.1","win","2023-09-07","11:03:50","R_W84euwo3IEe8OYh","979721938","1","114047","1","/0/40/0/25/25/25/25/25/25/25","215","10","2","/1/0/1/0/0/0/0/0/0/0","8","54","/8/8/3/5/5/5/5/5/5/5","5.40","43","5.375"
"6.6.1","win","2023-09-07","13:04:32","R_33mdlHu5f4bbUWe","979721942","1","95369","1","/0/25/25/40/40/0/40/55/55/0","280","10","3","/1/0/0/0/0/1/0/0/0/1","7","81","/12/5/5/8/8/7/8/11/11/6","8.0999999999999996447","56","8"
"6.6.1","win","2023-09-07","11:04:22","R_2BxlKXQrtWFpqZ7","979721958","1","106754","1","/40/95/0/90/0/0/0/55/0/45","325","10","5","/0/0/1/0/1/1/1/0/1/0","5","133","/8/19/8/18/28/10/15/11/7/9","13.30","65","13"
"6.6.1","win","2023-09-07","14:04:24","R_ywisp7yGsjFtlIZ","979721945","1","112813","1","/50/70/0/60/0/0/50/50/50/0","330","10","4","/0/0/1/0/1/1/0/0/0/1","6","96","/10/14/12/12/4/9/10/10/10/5","9.5999999999999996447","66","11"
"6.6.1","win","2023-09-07","14:02:58","R_1opbIhDV5ALp9m1","979721906","1","209317","1","/50/0/50/50/0/0/40/40/40/30","300","10","3","/0/1/0/0/0/1/0/0/0/0","7","84","/10/12/10/10/10/2/8/8/8/6","8.40","60","8,5714285714285711748"
"6.6.1","win","2023-09-07","14:04:57","R_3KveRsDvXweEV4B","979721962","1","90661","1","/0/55/55/0/80/115/80/105/0/0","490","10","4","/1/0/0/1/0/0/0/0/1/1","6","141","/10/11/11/14/16/23/16/21/1/18","14.0999999999999996447","98","16.3333333333333321491"
"6.6.1","win","2023-09-07","11:05:04","R_Z3jnd6Jz4KglEfD","979721960","1","85848","1","/0/35/40/45/50/60/65/0/0/60","355","10","3","/1/0/0/0/0/0/0/1/1/0","7","90","/10/7/8/9/10/12/13/4/5/12","0.00","71","10.1428571428571423496"
"6.6.1","win","2023-09-07","14:05:12","R_8phaw8br3S6WTiV","979721953","1","83367","1","/10/15/15/20/20/0/15/20/20/20","155","10","1","/0/0/0/0/0/1/0/0/0/0","9","32","/2/3/3/4/4/1/3/4/4/4","3.20","31","3.4444444444444446418"
"6.6.1","win","2023-09-07","13:05:25","R_2e5d84vbOvKFpth","979721952","1","81355","1","/15/0/10/5/10/0/15/5/5/10","75","10","2","/0/1/0/0/0/1/0/0/0/0","8","19","/3/2/2/1/2/2/3/1/1/2","1.90","15","1.875"
"6.6.1","win","2023-09-07","14:03:08","R_1laUWOV2pxjJmEy","979721935","1","221896","1","/15/0/20/0/25/25/30/35/0/40","190","10","3","/0/1/0/1/0/0/0/0/1/0","7","43","/3/1/4/2/5/5/6/7/2/8","4.30","38","5.4285714285714288252"
"6.6.1","mac","2023-09-07","11:01:45","R_3D6KXjOMTeohv7u","979721920","1","312236","1","/0/60/0/20/25/25/0/25/20/25","200","10","3","/1/0/1/0/0/0/1/0/0/0","7","64","/15/12/7/4/5/5/2/5/4/5","6.40","40","5.7142857142857144126"
"6.6.1","win","2023-09-07","14:04:56","R_2PumQJwhfjP1YZi","979721954","1","122557","1","/0/0/110/0/110/0/90/100/0/0","410","10","6","/1/0/0/1/0/1/0/0/1/1","4","180","/27/24/22/10/22/21/18/20/4/12","18","82","20.5"
"6.6.1","win","2023-09-07","14:05:44","R_b29QsRhcyDFFFVD","979721966","1","99215","1","/25/25/30/30/0/25/30/30/0/30","225","10","2","/0/0/0/0/1/0/0/0/1/0","8","50","/5/5/6/6/3/5/6/6/2/6","0.00","45","5.625"
"6.6.1","win","2023-09-07","14:04:59","R_2TTeFGHfQIMGdcB","979721961","1","146651","1","/10/15/15/0/15/10/5/15/15/15","115","10","1","/0/0/0/1/0/0/0/0/0/0","9","26","/2/3/3/3/3/2/1/3/3/3","2.60","23","2.5555555555555553582"
"6.6.1","win","2023-09-07","11:07:53","R_3FVEg0PPWsHRPrj","979721967","1","113116","1","/0/20/20/25/20/25/40/40/0/20","210","10","2","/1/0/0/0/0/0/0/0/1/0","8","47","/3/4/4/5/4/5/8/8/2/4","4.70","42","5.25"
"6.6.1","win","2023-09-07","14:05:56","R_DFRnlzl1oDhUd1v","979721964","1","118687","1","/0/0/20/20/45/60/80/0/0/0","225","10","4","/0/1/0/0/0/0/0/1/1/1","6","73","/0/5/4/4/9/12/16/20/1/2","7.2999999999999998224","45","7.5"
"6.6.1","win","2023-09-07","13:07:21","R_ugYIpmg6I8euRnH","979721980","1","42933","1","/0/0/10/10/10/10/0/10/15/15","80","10","3","/1/1/0/0/0/0/1/0/0/0","7","23","/4/1/2/2/2/2/2/2/3/3","2.30","16","2.2857142857142855874"
"6.6.1","win","2023-09-07","13:06:49","R_2rGAoBxwVms4YuW","979721957","1","77963","1","/0/0/25/30/40/0/40/30/40/50","255","10","3","/1/0/0/0/0/1/0/0/0/0","7","64","/6/6/5/6/8/1/8/6/8/10","6.40","51","7.2857142857142855874"
"6.6.1","win","2023-09-07","14:06:32","R_ZeQ0MYdhe0z3CQV","979721969","1","132758","1","/0/50/0/75/0/40/45/70/0/45","325","10","4","/1/0/1/0/1/0/0/0/1/0","6","112","/17/10/6/15/10/8/9/14/14/9","11.20","65","10.8333333333333339255"
"6.6.1","win","2023-09-07","14:07:55","R_2E77lFQiDRvvO6F","979721981","1","61232","1","/30/30/0/30/35/0/20/30/25/0","200","10","3","/0/0/0/0/0/1/0/0/0/1","7","55","/6/6/8/6/7/6/4/6/5/1","5.5","40","5.7142857142857144126"
"6.6.0","win","2023-09-07","14:06:56","R_1OSL9rTUKZ8z7X1","979721978","1","121389","1","/60/0/0/0/50/50/0/0/30/0","190","10","6","/0/1/1/1/0/0/1/1/0/1","4","59","/12/1/2/6/10/10/4/1/6/7","5.9000000000000003553","38","9.5"
"6.6.1","win","2023-09-07","14:07:51","R_TmZbRwgvOPhyZEZ","979721974","1","70792","1","/0/0/0/0/0/0/0/0/0/0","0","10","10","/1/1/1/1/1/1/1/1/1/1","0","167","/17/12/27/30/26/3/13/6/9/24","16.6999999999999992895","0","0"
"6.6.1","win","2023-09-07","14:07:50","R_3Gcuf3PddwAetrp","979721982","1","75928","1","/50/0/0/45/50/0/0/30/15/25","215","10","4","/0/1/1/0/0/1/1/0/0/0","6","55","/10/6/1/9/10/3/2/6/3/5","5.50","43","7.1666666666666669627"
"6.6.1","win","2023-09-07","14:12:10","R_UQMf3smRLqTsYZX","979721986","1","64128","1","/20/20/20/20/0/25/0/30/20/50","205","10","2","/0/0/0/0/1/0/1/0/0/0","8","45","/4/4/4/4/3/5/1/6/4/10","4.50","41","5.125"
"6.6.1","win","2023-09-07","14:07:35","R_2zBFfrXVHrmGDnS","979721951","1","87724","1","/15/20/25/35/50/75/100/0/0/15","335","10","2","/0/0/0/0/0/0/0/1/1/0","8","81","/3/4/5/7/10/15/20/8/6/3","8.10","67","8.375"
"6.6.1","win","2023-09-07","13:08:31","R_3EMX2prl1fHwmn3","979721989","1","45134","1","/0/30/35/20/0/0/35/40/40/0","200","10","4","/1/0/0/0/1/1/0/0/0/1","6","60","/8/6/7/4/4/3/7/8/8/5","6","40","6.6666666666666669627"
"6.6.1","win","2023-09-07","14:07:52","R_1HbBybORiR3I0hL","979721985","1","96439","1","/20/20/35/30/60/50/60/0/65/55","395","10","1","/0/0/0/0/0/0/0/1/0/0","9","80","/4/4/7/6/12/10/12/1/13/11","0.00","79","8.7777777777777785673"
"6.6.1","mac","2023-09-07","14:06:54","R_2EGibwHEhPnCbEu","979721977","1","156169","1","/50/0/60/70/0/0/0/0/50/0","230","10","6","/0/1/0/0/1/1/1/1/0/1","4","95","/10/11/12/14/12/9/10/6/10/1","9.5","46","11.5"
"6.6.1","win","2023-09-07","11:07:49","R_2VORgQw0PU98gK1","979721984","1","130886","1","/100/0/0/80/0/0/0/60/100/0","340","10","6","/0/1/1/0/1/1/1/0/0/1","4","133","/20/21/8/16/18/4/4/12/20/10","13.3000000000000007105","68","17"
"6.6.1","win","2023-09-07","13:07:34","R_1IQ4j7d30uQG7gk","979721975","1","146593","1","/20/20/30/25/30/30/0/20/20/20","215","10","1","/0/0/0/0/0/0/1/0/0/0","9","44","/4/4/6/5/6/6/1/4/4/4","4.40","43","4.7777777777777776791"
"6.6.1","win","2023-09-07","11:05:47","R_1ND01VB4Hdc4d6u","979721963","1","272376","1","/0/25/25/20/5/10/15/10/5/10","125","10","1","/1/0/0/0/0/0/0/0/0/0","9","27","/2/5/5/4/1/2/3/2/1/2","2.70","25","2.7777777777777776791"
"6.6.1","win","2023-09-07","14:07:59","R_23Vlz7YtSeOdU5S","979721971","1","143001","1","/25/0/25/0/25/0/25/5/25/10","140","10","3","/0/1/0/1/0/1/0/0/0/0","7","38","/5/3/5/4/5/3/5/1/5/2","3.80","28","4"
"6.6.1","win","2023-09-07","14:07:34","R_dj08UF2a8pLXrS9","979721968","1","168514","1","/20/35/85/0/0/0/60/0/60/60","320","10","4","/0/0/0/1/1/0/0/1/0/0","6","139","/4/7/17/25/18/17/12/15/12/12","13.90","64","10.6666666666666660745"
"6.6.1","win","2023-09-07","12:08:27","R_1FyNAEHM55orod2","979721987","1","120224","1","/0/0/65/0/0/0/0/0/25/25","115","10","7","/1/1/0/1/1/0/1/1/0/0","3","76","/20/2/13/12/2/9/6/2/5/5","7.60","23","7.6666666666666669627"
"6.6.1","mac","2023-09-07","11:09:51","R_1QnfJHqgL52WCBB","979721996","1","53570","1","/0/15/20/5/15/20/5/25/10/30","145","10","1","/1/0/0/0/0/0/0/0/0/0","9","30","/1/3/4/1/3/4/1/5/2/6","0.00","29","3.2222222222222223209"
"6.6.1","mac","2023-09-07","14:10:08","R_1hWJ3SuTOSMTC8Q","979721995","1","52634","1","/30/0/0/15/15/15/15/15/0/10","115","10","3","/0/1/1/0/0/0/0/0/1/0","7","28","/6/3/1/3/3/3/3/3/1/2","2.80","23","3.2857142857142855874"
"6.6.3","and","2023-09-07","14:07:20","R_2CqBlVTeqY64XCK","979721979","1","219074","1","/15/0/0/10/20/35/15/0/35/15","145","10","3","/0/1/1/0/0/0/0/1/0/0","7","35","/3/3/2/2/4/7/3/1/7/3","3.50","29","4.1428571428571432378"
"6.6.1","win","2023-09-07","14:07:32","R_2tu3KBKQumjrTkl","979721970","1","209870","1","/50/70/0/50/50/100/0/0/50/60","430","10","3","/0/0/1/0/0/0/1/1/0/0","7","100","/10/14/5/10/10/20/2/7/10/12","0.00","86","12.2857142857142864756"
"6.6.1","win","2023-09-07","14:09:40","R_22txtDbcibgGoj6","979721994","1","112504","1","/70/0/0/50/0/0/50/50/75/0","295","10","5","/0/1/1/0/1/1/0/0/0/1","5","84","/14/1/11/10/6/6/10/10/15/1","8.4000000000000003553","59","11.8000000000000007105"
"6.6.1","win","2023-09-07","13:10:44","R_0lBm9mJiajKCZIl","979721993","1","63747","1","/40/0/0/50/40/40/40/40/40/40","330","10","2","/0/1/1/0/0/0/0/0/0/0","8","77","/8/6/5/10/8/8/8/8/8/8","7.70","66","8.25"
"6.6.1","win","2023-09-07","14:09:53","R_3Jbbfea7IseiFb0","979721992","1","137109","1","/30/50/75/0/0/0/5/5/20/35","220","10","3","/0/0/0/1/1/1/0/0/0/0","7","76","/6/10/15/23/7/2/1/1/4/7","7.60","44","6.2857142857142855874"
"6.6.1","win","2023-09-07","14:11:21","R_bvX3NWRSxJN4IpP","979721998","1","74175","1","/20/20/20/0/20/20/20/20/20/20","180","10","1","/0/0/0/0/0/0/0/0/0/0","9","40","/4/4/4/4/4/4/4/4/4/4","0.00","36","4"
"6.6.1","win","2023-09-07","14:09:54","R_3OiWv84nJdDapzt","979721990","1","170061","1","/80/0/85/105/65/0/90/0/0/0","425","10","5","/0/1/0/0/0/1/0/1/1/1","5","122","/16/1/17/21/13/4/18/5/18/9","12.1999999999999992895","85","17"
"6.6.1","win","2023-09-07","11:08:01","R_6Mqcx4Miz7uX9Lj","979721983","1","285707","1","/0/25/25/0/30/35/30/35/45/25","250","10","2","/1/0/0/1/0/0/0/0/0/0","8","64","/4/5/5/10/6/7/6/7/9/5","6.40","50","6,25"
"6.6.0","win","2023-09-07","13:09:43","R_3HRcYlSS0ZlFuLq","979721973","1","189194","1","/100/0/0/60/75/75/75/0/50/0","435","10","4","/0/1/1/0/0/0/0/1/0/1","6","125","/20/5/12/12/15/15/15/12/10/9","12.5","87","14.5"
"6.6.1","win","2023-09-07","14:12:09","R_2b0FcBJZRf2j39C","979722003","1","58300","1","/60/0/0/0/50/25/0/35/45/35","250","10","4","/0/1/1/1/0/0/1/0/0/0","6","83","/12/11/10/4/10/5/8/7/9/7","8.30","50","8.3333333333333339255"
"6.6.1","win","2023-09-07","11:11:54","R_12nGwEJBgSX5qJO","979721999","1","126421","1","/30/40/0/40/70/50/80/70/50/0","430","10","2","/0/0/1/0/0/0/0/0/0/1","8","97","/6/8/4/8/14/10/16/14/10/7","9.6999999999999992895","86","10.75"
"6.6.1","win","2023-09-07","13:12:01","R_1OE0AZPQlkGWC0s","979722001","1","132946","1","/20/40/0/40/45/0/20/0/15/30","210","10","3","/0/0/0/0/0/1/0/1/0/0","7","61","/4/8/10/8/9/4/4/5/3/6","6.10","42","6"
"6.6.1","win","2023-09-07","11:13:38","R_1MTnEEjiJn5ja6J","979722007","1","88544","1","/50/60/70/0/80/70/0/0/50/50","430","10","3","/0/0/0/1/0/0/1/0/0/0","7","114","/10/12/14/6/16/14/12/10/10/10","11.40","86","12.2857142857142864756"
"6.6.1","win","2023-09-07","14:12:43","R_31QVYGxXWjCFUj1","979722006","1","150015","1","/70/0/50/75/0/0/50/45/45/0","335","10","4","/0/1/0/0/1/1/0/0/0/1","6","99","/14/3/10/15/10/12/10/9/9/7","9.9000000000000003553","67","11.1666666666666660745"
"6.6.1","win","2023-09-07","14:11:31","R_1kUHb0Eyq3iraaD","979721991","1","245361","1","/25/0/20/25/25/25/30/15/30/40","235","10","1","/0/1/0/0/0/0/0/0/0/0","9","50","/5/3/4/5/5/5/6/3/6/8","0.00","47","5.2222222222222223209"
"6.6.1","mac","2023-09-07","14:10:50","R_2e51XmrJ1oHnDWd","979721965","1","171973","1","/10/10/10/10/5/10/10/0/10/0","75","10","2","/0/0/0/0/0/0/0/0/0/1","8","18","/2/2/2/2/1/2/2/2/2/1","1.8000000000000000444","15","1.875"
"6.6.1","win","2023-09-07","18:11:59","R_2rHL5H9YVSGOSEQ","979721862","1","106493","1","/65/0/30/0/25/25/40/0/30/25","240","10","3","/0/1/0/1/0/0/0/1/0/0","7","65","/13/5/6/6/5/5/8/6/6/5","6.50","48","6.8571428571428567622"
"6.6.1","win","2023-09-07","14:12:37","R_3MsQMZ7WYBAB1Mn","979721997","1","262336","1","/30/45/75/0/0/0/0/0/0/90","240","10","6","/0/0/0/0/1/1/1/1/1/0","4","86","/6/9/15/20/4/7/2/4/1/18","8.60","48","12"
"6.6.1","win","2023-09-07","14:17:01","R_2xE0KuWkcBnRuyd","979722011","1","82869","1","/0/0/0/20/0/0/0/0/90/140","250","10","7","/1/1/1/0/1/1/1/1/0/0","3","163","/31/20/7/4/20/6/19/10/18/28","16.30","50","16.6666666666666678509"
"6.6.1","win","2023-09-07","14:14:47","R_3dMnD0BreNvo7Vo","979722008","1","241735","1","/0/0/20/0/95/0/80/0/0/80","275","10","6","/1/1/0/1/0/1/0/1/1/0","4","138","/7/8/4/1/19/17/16/31/19/16","13.80","55","13.75"
"6.6.1","win","2023-09-07","14:12:54","R_1hQeoSHqfc2znC9","979722004","1","367703","1","/50/75/0/50/0/75/100/0/0/0","350","10","5","/0/0/1/0/1/0/0/1/1/1","5","126","/10/15/15/10/10/15/20/8/16/7","12.5999999999999996447","70","14"
"6.6.1","win","2023-09-07","14:18:52","R_24AWrqkYaiFtHqy","979722010","1","90985","1","/0/0/0/0/25/70/50/0/35/70","250","10","5","/1/0/1/1/0/0/0/1/0/0","5","82","/9/9/5/3/5/14/10/6/7/14","8.20","50","10"
"6.6.1","win","2023-09-07","14:19:54","R_1kNO7hxJZFoEBJr","979722013","1","169080","1","/50/100/75/0/0/0/20/45/50/0","340","10","4","/0/0/0/1/1/1/0/0/0/1","6","105","/10/20/15/15/9/3/4/9/10/10","10.5","68","11.3333333333333339255"
"6.6.1","win","2023-09-07","13:21:16","R_2fwj2M72MCGsi8c","979722009","1","225010","1","/25/0/25/35/40/0/25/30/0/0","180","10","4","/0/1/0/0/0/1/0/0/1/1","6","52","/5/6/5/7/8/6/5/6/3/1","5.2000000000000001776","36","6"
"6.6.1","win","2023-09-07","14:20:36","R_08ptw0GjJpkCu5z","979722014","1","323977","1","/25/35/0/40/45/0/0/45/30/45","265","10","3","/0/0/1/0/0/1/1/0/0/0","7","74","/5/7/1/8/9/9/11/9/6/9","7.40","53","7.5714285714285711748"
"6.6.1","win","2023-09-07","14:30:22","R_1l3l97lGlEX6mZQ","979722018","1","46341","1","/0/15/15/15/0/20/25/10/20/15","135","10","2","/1/0/0/0/1/0/0/0/0/0","8","32","/3/3/3/3/2/4/5/2/4/3","3.20","27","3.375"
"6.6.1","mac","2023-09-07","11:33:05","R_1EYfntf3XUqfPEK","979722019","1","96075","1","/50/50/50/50/0/0/25/25/25/25","300","10","2","/0/0/0/0/1/1/0/0/0/0","8","72","/10/10/10/10/6/6/5/5/5/5","7.20","60","7.5"
"6.6.1","win","2023-09-07","13:36:26","R_2U4TndgEJJshamh","979722021","1","61569","1","/0/30/40/0/50/0/50/50/25/0","245","10","4","/1/0/0/1/0/1/0/0/0/1","6","85","/14/6/8/2/10/10/10/10/5/10","8.5","49","8.1666666666666660745"
"6.6.1","win","2023-09-07","14:36:30","R_2zSxCSbcNCwjMvq","979722022","1","66318","1","/25/0/20/40/30/0/30/25/0/30","200","10","3","/0/1/0/0/0/1/0/0/1/0","7","61","/5/6/4/8/6/8/6/5/7/6","6.10","40","5.7142857142857144126"
"6.6.1","win","2023-09-07","11:32:00","R_3p0bTRoV0tQEoT4","979722016","1","343185","1","/25/0/20/20/20/20/20/20/20/20","185","10","1","/0/1/0/0/0/0/0/0/0/0","9","43","/5/6/4/4/4/4/4/4/4/4","4.30","37","4.1111111111111107164"
"6.6.3","and","2023-09-07","13:36:32","R_2qavfrSbz8M5TVD","979722020","1","126153","1","/25/0/0/15/20/20/25/0/20/20","145","10","3","/0/1/0/0/0/0/0/1/0/0","7","42","/5/5/4/3/4/4/5/4/4/4","4.20","29","4.1428571428571432378"
"6.6.1","win","2023-09-07","14:38:50","R_1o7vIMuFXUSAeeU","979722024","1","87594","1","/0/25/40/50/0/85/60/0/0/50","310","10","4","/1/0/0/0/1/0/0/1/1/0","6","95","/6/5/8/10/20/17/12/2/5/10","9.50","62","10.3333333333333339255"
"6.6.0","win","2023-09-07","13:47:53","R_1eRD9PFRuwsbfyG","979722025","1","75956","1","/35/40/30/45/0/45/40/40/50/55","380","10","1","/0/0/0/0/1/0/0/0/0/0","9","80","/7/8/6/9/4/9/8/8/10/11","0.00","76","8.4444444444444446418"
"6.6.1","win","2023-09-07","14:49:59","R_2cuMDfEZczbKBro","979722027","1","43087","1","/20/25/0/25/15/20/20/25/0/20","170","10","2","/0/0/1/0/0/0/0/0/1/0","8","36","/4/5/1/5/3/4/4/5/1/4","3.60","34","4.25"
"6.6.1","win","2023-09-07","13:51:15","R_Uo2Ln8K9pJIhRuh","979722028","1","88248","1","/25/0/45/65/85/0/0/0/40/80","340","10","4","/0/1/0/0/0/1/1/1/0/0","6","97","/5/11/9/13/17/3/9/6/8/16","9.70","68","11.3333333333333339255"
"6.6.1","mac","2023-09-07","14:02:18","R_31iIQVBh4SNZfme","979722030","1","98094","1","/20/0/25/30/0/30/0/0/10/5","120","10","4","/0/1/0/0/1/0/1/1/0/0","6","35","/4/1/5/6/1/6/4/5/2/1","3.50","24","4"
"6.6.1","win","2023-09-07","16:01:45","R_2TKUfC3oXK0gYkJ","979722031","1","92462","1","/35/40/0/0/0/5/0/25/0/25","130","10","5","/0/0/1/1/1/0/0/0/1/0","5","43","/7/8/3/2/1/1/7/5/4/5","4.30","26","5.2000000000000001776"
"6.6.1","mac","2023-09-07","15:06:07","R_1ouU7q2kZltyrWG","979722032","1","227705","1","/20/25/50/0/50/70/0/0/50/60","325","10","3","/0/0/0/1/0/0/1/1/0/0","7","95","/4/5/10/13/10/14/14/3/10/12","9.50","65","9.2857142857142864756"
"6.6.1","win","2023-09-07","15:08:02","R_3eq8A9hVrNNuDHv","979722033","1","163575","1","/0/15/20/25/30/0/25/20/20/15","170","10","2","/1/0/0/0/0/1/0/0/0/0","8","38","/1/3/4/5/6/3/5/4/4/3","3.80","34","4.25"
"6.6.1","mac","2023-09-07","12:23:56","R_3fMIDg97Cvwq0dw","979722036","1","209225","1","/30/0/50/50/0/30/30/40/35/40","305","10","1","/0/0/0/0/1/0/0/0/0/0","9","66","/6/0/10/10/5/6/6/8/7/8","6.60","61","6.7777777777777776791"
"6.6.1","mac","2023-09-07","12:12:30","R_2R4SFS8Yd2Vyymp","979722035","1","1860972","1","/0/5/5/5/5/5/5/5/0/5","40","10","0","/0/0/0/0/0/0/0/0/0/0","10","8","/0/1/1/1/1/1/1/1/0/1","0.80","8","0.8000000000000000444"
"6.6.1","win","2023-09-07","14:25:12","R_ZxbCPwg3jYbTb6F","979722015","1","5442547","1","/40/65/50/50/75/50/70/60/75/0","535","10","1","/0/0/0/0/0/0/0/0/0/1","9","110","/8/13/10/10/15/10/14/12/15/3","11","107","11.8888888888888892836"
"6.6.1","win","2023-09-07","15:51:59","R_293MgDbUk2oeOhi","979722041","1","305238","1","/0/115/45/0/65/80/0/50/0/45","400","10","4","/0/0/0/1/0/0/1/0/1/0","6","134","/14/23/9/11/13/16/17/10/12/9","13.40","80","13,3333333333333339255"
