"inquisit.version","computer.platform","startdate","starttime","subjectid","groupid","sessionid","elapsedtime","completed","exp_condition","releasecondition","weathercondition","maxnr_fishinpond","maxnr_trips","fixedsampling","reward","total_winnings","lstotalearnings","tripcount","successtrip","totalfishingcount","lstotalfishingcount","adj_totalfishingcount","total_suddenends","lstotalend","avg_fishingcount","adjavg_fishingcount","mean_castlatency"
"6.6.1","mac","2023-09-07","12:24:08","R_1kGINZotrIcPTKh","979721688","1","131559","1","1","1","1","32","10","0","5","345","/0/80/0/0/40/40/60/75/0/50","10","6","119","/4/16/22/10/8/8/12/15/14/10","69","4","/1/0/1/1/0/0/0/0/1/0","11.9000000000000003553","11.5","9633.1000000000003637979"
"6.6.1","win","2023-09-07","12:27:36","R_3GuMglArLCrPtKk","979721689","1","70881","1","1","1","1","32","10","0","5","300","/75/0/0/25/45/30/0/55/30/40","10","7","94","/15/20/9/5/9/6/5/11/6/8","60","3","/0/1/1/0/0/0/1/0/0/0","9.4000000000000003553","8.5714285714285711748","5955.625"
"6.6.1","win","2023-09-07","12:32:26","R_2sZHgl172OzMak5","979721691","1","53576","1","1","1","1","32","10","0","5","255","/0/0/85/0/0/0/65/50/55/0","10","4","138","/28/13/17/12/11/17/13/10/11/6","51","6","/1/1/0/1/1/1/0/0/0/1","13.8000000000000007105","12.75","5119.6666666666669698316"
"6.6.1","win","2023-09-07","12:34:40","R_23TDPmHk6oiOobh","979721690","1","86969","1","1","1","1","32","10","0","5","555","/0/100/115/0/110/0/110/120/0/0","10","5","168","/17/20/23/1/22/8/22/24/13/18","111","5","/1/0/0/1/0/1/0/0/1/1","16.8000000000000007105","22.1999999999999992895","2985.6666666666665150842"
"6.6.1","win","2023-09-07","11:50:49","R_1FLZKw2t1gCx7uC","979721693","1","54191","1","1","1","1","32","10","0","5","460","/75/0/55/60/70/75/65/0/0/60","10","7","117","/15/4/11/12/14/15/13/10/11/12","92","3","/0/1/0/0/0/0/0/1/1/0","11.6999999999999992895","13.1428571428571423496","2212.1666666666665150842"
"6.6.1","win","2023-09-07","11:50:32","R_O9bJ5X0wsLOuYpP","979721692","1","133150","1","1","1","1","32","10","0","5","280","/0/65/60/0/0/0/75/80/0/0","10","4","103","/15/13/12/3/5/2/15/16/12/10","56","6","/1/0/0/1/1/1/0/0/1/1","10.3000000000000007105","14","8349.2999999999992724042"
"6.6.1","win","2023-09-07","09:56:30","R_bvKcah6gutsreHn","979721694","1","67168","1","1","1","1","32","10","0","5","295","/35/35/40/40/45/0/40/0/40/20","10","8","70","/7/7/8/8/9/9/8/2/8/4","59","2","/0/0/0/0/0/1/0/1/0/0","7","7.375","8724"
"6.6.1","mac","2023-09-07","12:58:44","R_1rJ0KHAiaikgKXx","979721695","1","48538","1","1","1","1","32","10","0","5","245","/0/0/50/50/0/0/45/0/50/50","10","5","91","/15/3/10/10/6/8/9/10/10/10","49","5","/1/1/0/0/1/1/0/1/0/0","9.0999999999999996447","9.8000000000000007105","2263.6999999999998181011"
"6.6.1","win","2023-09-07","13:08:45","R_2QgE7fo8aW6cND7","979721698","1","94050","1","1","1","1","32","10","0","5","430","/80/60/80/0/40/65/0/50/0/55","10","7","115","/16/12/16/14/8/13/11/10/4/11","86","3","/0/0/0/1/0/0/1/0/1/0","11.5","12.2857142857142864756","4869.8181818181819835445"
"6.6.1","win","2023-09-07","12:08:45","R_33lkCbHVz6wAYm3","979721696","1","146895","1","1","1","1","32","10","0","5","400","/25/25/35/40/40/50/30/50/45/60","10","10","80","/5/5/7/8/8/10/6/10/9/12","80","0","/0/0/0/0/0/0/0/0/0/0","8","8","6287.9166666666669698316"
"6.6.1","win","2023-09-07","10:10:36","R_3nloSUxnqwpQ7g5","979721697","1","129535","1","1","1","1","32","10","0","5","295","/90/0/0/0/30/40/0/35/50/50","10","6","94","/18/13/9/2/6/8/11/7/10/10","59","4","/0/1/1/1/0/0/1/0/0/0","9.4000000000000003553","9.8333333333333339255","5797.3000000000001818989"
"6.6.3","and","2023-09-07","12:12:30","R_1DwL4zLXS5v0fc9","979721699","1","131028","1","1","1","1","32","10","0","5","420","/0/80/135/125/0/0/80/0/0/0","10","5","161","/17/16/27/25/6/18/16/20/0/16","84","5","/1/0/0/0/1/1/0/1/0/1","16.1000000000000014211","16.8000000000000007105","5142.4375"
"6.6.1","win","2023-09-07","13:14:28","R_20TE9qPvldFW9od","979721710","1","58727","1","1","1","1","32","10","0","5","430","/90/70/0/80/0/0/80/60/0/50","10","6","109","/18/14/5/16/6/9/16/12/3/10","86","4","/0/0/1/0/1/1/0/0/1/0","10.9000000000000003553","14.3333333333333339255","3509.5"
"6.6.1","win","2023-09-07","10:14:02","R_1pyOVJ8SUCmrqqy","979721709","1","102027","1","1","1","1","32","10","0","5","495","/105/90/105/95/0/0/0/40/60/0","10","6","134","/21/18/21/19/14/10/10/8/12/1","99","4","/0/0/0/0/1/1/1/0/0/1","13.4000000000000003553","16.5","60959"
"6.6.1","mac","2023-09-07","13:15:15","R_237xVlZzBhaT9Mp","979721706","1","75416","1","1","1","1","32","10","0","5","135","/0/0/60/0/55/0/20/0/0/0","10","3","87","/14/4/12/9/11/10/4/8/10/5","27","7","/1/1/0/1/0/1/0/1/1/1","8.6999999999999992895","9","10020.3999999999996362021"
"6.6.1","mac","2023-09-07","10:15:32","R_39SxzzFKDV8PwLn","979721701","1","82702","1","1","1","1","32","10","0","5","320","/35/40/0/65/35/0/65/35/0/45","10","7","71","/7/8/1/13/7/5/13/7/1/9","64","3","/0/0/1/0/0/1/0/0/1/0","7.0999999999999996447","9.1428571428571423496","3862.6666666666665150842"
"6.6.1","win","2023-09-07","10:15:10","R_2UfH2aCUeKGg4DA","979721707","1","120302","1","1","1","1","32","10","0","5","555","/0/115/0/110/0/95/120/0/0/115","10","5","181","/23/23/20/22/12/19/24/1/14/23","111","5","/1/0/1/0/1/0/0/1/1/0","18.1000000000000014211","22.1999999999999992895","2409.8695652173914822924"
"6.6.0","win","2023-09-07","12:16:58","R_qCv6p9cXaGZetNf","979721711","1","41726","1","1","1","1","32","10","0","5","305","/0/0/45/0/65/70/0/0/50/75","10","5","94","/8/5/9/9/13/14/1/10/10/15","61","5","/1/1/0/1/0/0/1/1/0/0","9.4000000000000003553","12.1999999999999992895","1087.3333333333332575421"
"6.6.1","mac","2023-09-07","12:18:31","R_DVkIL0jxMh8Dvyx","979721712","1","46320","1","1","1","1","32","10","0","5","240","/0/0/60/0/0/55/0/80/45/0","10","4","86","/5/10/12/12/3/11/5/16/9/3","48","6","/1/1/0/1/1/0/1/0/0/1","8.5999999999999996447","12","9152.3333333333339396631"
"6.6.1","win","2023-09-07","13:17:44","R_1Clqfmuo3Ygfq57","979721708","1","98711","1","1","1","1","32","10","0","5","110","/10/15/0/10/0/15/15/20/25/0","10","8","29","/2/3/3/2/0/3/3/4/5/4","22","2","/0/0/1/0/0/0/0/0/0/1","2.8999999999999999112","2.75","12052.75"
"6.6.1","win","2023-09-07","11:21:37","R_2xDItEvOFaopxDX","979721714","1","54989","1","1","1","1","32","10","0","5","200","/25/0/25/25/25/0/25/25/25/25","10","8","50","/5/5/5/5/5/5/5/5/5/5","40","2","/0/1/0/0/0/1/0/0/0/0","5","5","4490.1999999999998181011"
"6.6.3","and","2023-09-07","12:21:42","R_1cYXrNmTNDeJv5F","979721713","1","53664","1","1","1","1","32","10","0","5","135","/5/15/0/10/5/15/15/20/25/25","10","9","31","/1/3/4/2/1/3/3/4/5/5","27","1","/0/0/1/0/0/0/0/0/0/0","3.1000000000000000888","3","4782.1999999999998181011"
"6.6.1","win","2023-09-07","13:25:11","R_3HChIKI6I1npixa","979721715","1","100219","1","1","1","1","32","10","0","5","250","/0/0/0/0/0/0/0/100/0/150","10","2","161","/6/30/2/6/5/7/28/20/27/30","50","8","/1/1/1/1/1/1/1/0/1/0","16.1000000000000014211","25","1459.2000000000000454747"
"6.6.1","mac","2023-09-07","13:27:25","R_31Tt22MFZcP38Tn","979721719","1","80404","1","1","1","1","32","10","0","5","165","/0/0/0/65/0/0/50/50/0/0","10","3","117","/25/13/12/13/17/10/10/10/3/4","33","7","/1/1/1/0/1/1/0/0/1/1","11.6999999999999992895","11","11144.25"
"6.6.1","win","2023-09-07","10:28:00","R_12rNOY0UXct2fP8","979721721","1","66400","1","1","1","1","32","10","0","5","450","/0/120/130/0/105/95/0/0/0/0","10","4","119","/3/24/26/3/21/19/1/3/5/14","90","6","/1/0/0/1/0/0/1/1/1/1","11.9000000000000003553","22.5","1587.7857142857142207504"
"6.6.1","win","2023-09-07","10:28:42","R_4VB2iP48gA5B8Ih","979721722","1","55399","1","1","1","1","32","10","0","5","155","/20/25/25/25/0/0/25/20/0/15","10","7","40","/4/5/5/5/1/5/5/4/3/3","31","3","/0/0/0/0/1/1/0/0/1/0","4","4.4285714285714288252","5563.6666666666669698316"
"6.6.3","and","2023-09-07","12:27:51","R_3RgsdVmilD8tf7I","979721717","1","96869","1","1","1","1","32","10","0","5","215","/0/0/25/50/50/0/0/0/40/50","10","5","75","/2/7/5/10/10/5/11/7/8/10","43","5","/1/1/0/0/0/1/1/1/0/0","7.5","8.5999999999999996447","5091.1999999999998181011"
"6.6.1","win","2023-09-07","11:28:12","R_D0LGkUY8LGA49YR","979721716","1","104551","1","1","1","1","32","10","0","5","540","/0/80/0/75/0/120/0/125/140/0","10","5","144","/3/16/19/15/1/24/1/25/28/12","108","5","/1/0/1/0/1/0/1/0/0/1","14.4000000000000003553","21.6000000000000014211","3825.9166666666665150842"
"6.6.3","and","2023-09-07","13:28:02","R_TcNY7CRO7da9aAF","979721720","1","116965","1","1","1","1","32","10","0","5","270","/0/75/0/0/55/80/0/0/60/0","10","4","130","/6/15/19/7/11/16/14/14/12/16","54","6","/1/0/1/1/0/0/1/1/0/1","13","13.5","3204.875"
"6.6.1","win","2023-09-07","12:30:51","R_ebScPbJ21gXxA09","979721736","1","35761","1","1","1","1","32","10","0","5","190","/20/20/10/20/20/20/20/20/20/20","10","10","38","/4/4/2/4/4/4/4/4/4/4","38","0","/0/0/0/0/0/0/0/0/0/0","3.7999999999999998224","3.7999999999999998224","3992"
"6.6.1","win","2023-09-07","12:31:03","R_306oRkMPTYICJiK","979721729","1","60766","1","1","1","1","32","10","0","5","325","/50/80/40/0/25/40/0/25/25/40","10","8","76","/10/16/8/7/5/8/4/5/5/8","65","2","/0/0/0/1/0/0/1/0/0/0","7.5999999999999996447","8.125","4046"
"6.6.1","mac","2023-09-07","11:31:37","R_2X1zDsbJBHlozDZ","979721724","1","73999","1","1","1","1","32","10","0","5","290","/15/10/10/0/0/10/40/50/50/105","10","8","63","/3/2/2/2/3/2/8/10/10/21","58","2","/0/0/0/1/1/0/0/0/0/0","6.2999999999999998224","7.25","2129.4285714285715584992"
"6.6.1","win","2023-09-07","10:32:08","R_ZIcXZwugiD3cUxP","979721730","1","47923","1","1","1","1","32","10","0","5","115","/10/15/10/0/10/5/20/25/0/20","10","9","29","/2/3/2/0/2/1/4/5/6/4","23","1","/0/0/0/0/0/0/0/0/1/0","2.8999999999999999112","2.5555555555555553582","4072.75"
"6.6.1","win","2023-09-07","13:32:34","R_2S0oGiH2FalMO26","979721742","1","49746","1","1","1","1","32","10","0","5","395","/90/55/0/0/0/40/70/55/50/35","10","8","97","/18/11/13/0/5/8/14/11/10/7","79","2","/0/0/1/0/1/0/0/0/0/0","9.6999999999999992895","9.875","3180.5714285714284415008"
"6.6.1","win","2023-09-07","13:32:10","R_3FPXuWZxbNxfawU","979721727","1","76048","1","1","1","1","32","10","0","5","190","/0/0/10/65/0/25/20/30/40/0","10","6","57","/8/2/2/13/5/5/4/6/8/4","38","4","/1/1/0/0/1/0/0/0/0/1","5.7000000000000001776","6.3333333333333330373","9272.25"
"6.6.1","win","2023-09-07","12:32:42","R_3CZ6Hy5k7A2Icpm","979721728","1","75011","1","1","1","1","32","10","0","5","425","/0/80/0/0/75/0/0/90/90/90","10","5","135","/18/16/13/1/15/5/13/18/18/18","85","5","/1/0/1/1/0/1/1/0/0/0","13.5","17","2453.388888888888686779"
"6.6.0","win","2023-09-07","13:32:46","R_1Le9eCO9MHcKbci","979721731","1","86407","1","1","1","1","32","10","0","5","305","/55/0/0/40/45/55/0/55/55/0","10","6","83","/11/5/5/8/9/11/1/11/11/11","61","4","/0/1/1/0/0/0/1/0/0/1","8.3000000000000007105","10.1666666666666660745","4290.1818181818180164555"
"6.6.1","win","2023-09-07","10:33:17","R_2c0KSMPiS6xbBoC","979721737","1","118276","1","1","1","1","32","10","0","5","510","/100/0/70/0/90/85/0/70/95/0","10","6","141","/20/16/14/7/18/17/5/14/19/11","102","4","/0/1/0/1/0/0/1/0/0/1","14.0999999999999996447","17","7741.4545454545450411388"
"6.6.1","mac","2023-09-07","13:35:08","R_pN0IAgVmbXqcAdH","979721746","1","47632","1","1","1","1","32","10","0","5","170","/20/0/20/20/25/0/20/25/20/20","10","8","45","/4/6/4/4/5/5/4/5/4/4","34","2","/0/1/0/0/0/1/0/0/0/0","4.5","4.25","4115"
"6.6.1","win","2023-09-07","13:34:23","R_1Ck0nLRI867bdZz","979721723","1","102527","1","1","1","1","32","10","0","5","540","/60/55/50/75/95/0/0/55/65/85","10","8","127","/12/11/10/15/19/12/7/11/13/17","108","2","/0/0/0/0/0/1/1/0/0/0","12.6999999999999992895","13.5","3859.8235294117648663814"
"6.6.1","win","2023-09-07","13:34:21","R_1LqDsozFuxO7aFY","979721732","1","122919","1","1","1","1","32","10","0","5","380","/100/0/100/0/0/0/0/75/105/0","10","4","150","/20/12/20/12/18/2/13/15/21/17","76","6","/0/1/0/1/1/1/1/0/0/1","15","19","4528.1764705882351336186"
"6.6.1","win","2023-09-07","12:36:15","R_2ANlqvOD8tBWJqC","979721748","1","68612","1","1","1","1","32","10","0","5","520","/0/0/0/120/80/80/80/80/80/0","10","6","160","/10/19/24/24/16/16/16/16/16/3","104","4","/1/1/1/0/0/0/0/0/0/1","16","17.3333333333333321491","13646.6666666666660603369"
"6.6.1","win","2023-09-07","13:34:31","R_3fYSNgsyQ4mnybz","979721726","1","171019","1","1","1","1","32","10","0","5","440","/110/110/0/0/60/0/50/110/0/0","10","5","147","/22/22/13/12/12/10/10/22/2/22","88","5","/0/0/1/1/0/1/0/0/1/1","14.6999999999999992895","17.6000000000000014211","5759.5454545454549588612"
"6.6.1","win","2023-09-07","12:33:57","R_21nPvCQm51nRU5B","979721718","1","213814","1","1","1","1","32","10","0","5","180","/15/30/15/30/15/15/0/30/15/15","10","9","37","/3/6/3/6/3/3/1/6/3/3","36","1","/0/0/0/0/0/0/1/0/0/0","3.7000000000000001776","4","29474.3333333333321206737"
"6.6.1","mac","2023-09-07","13:37:09","R_rdRWbChLo8ictfH","979721752","1","33804","1","1","1","1","32","10","0","5","200","/20/35/0/20/25/0/70/0/0/30","10","6","55","/4/7/6/4/5/1/14/5/3/6","40","4","/0/0/1/0/0/1/0/1/1/0","5.5","6.6666666666666669627","2659.8333333333334849158"
"6.6.1","win","2023-09-07","13:36:46","R_vuFgEjNL0xQHSCJ","979721749","1","58449","1","1","1","1","32","10","0","5","370","/0/15/55/30/55/30/25/50/50/60","10","9","77","/3/3/11/6/11/6/5/10/10/12","74","1","/1/0/0/0/0/0/0/0/0/0","7.7000000000000001776","8.2222222222222214327","2580"
"6.6.1","and","2023-09-07","10:37:18","R_1NkpiBgMGTe4hd6","979721755","1","33377","1","1","1","1","32","10","0","5","190","/20/25/0/45/0/25/25/25/0/25","10","7","66","/4/5/16/9/7/5/5/5/5/5","38","3","/0/0/1/0/1/0/0/0/1/0","6.5999999999999996447","5.4285714285714288252","2902"
"6.6.1","win","2023-09-07","13:37:04","R_3ffNUKvS5IDVsLH","979721744","1","90793","1","1","1","1","32","10","0","5","260","/0/45/0/30/35/35/35/0/35/45","10","7","74","/13/9/5/6/7/7/7/4/7/9","52","3","/1/0/1/0/0/0/0/1/0/0","7.4000000000000003553","7.4285714285714288252","5156"
"6.6.1","win","2023-09-07","13:36:49","R_2SJrfAl5h6GFCKU","979721738","1","118610","1","1","1","1","32","10","0","5","335","/110/0/70/65/0/0/0/90/0/0","10","4","133","/22/20/14/13/11/8/12/18/9/6","67","6","/0/1/0/0/1/1/1/0/1/1","13.3000000000000007105","16.75","7605.1666666666669698316"
"6.6.1","mac","2023-09-07","10:37:49","R_1jjQKU5mBsnXO7v","979721751","1","69780","1","1","1","1","32","10","0","5","430","/95/0/60/75/0/55/40/50/55/0","10","7","125","/19/15/12/15/14/11/8/10/11/10","86","3","/0/1/0/0/1/0/0/0/0/1","12.5","12.2857142857142864756","3710"
"6.6.1","win","2023-09-07","13:37:52","R_QnChw8hmwZLtAHv","979721740","1","75932","1","1","1","1","32","10","0","5","250","/0/0/0/55/0/60/65/70/0/0","10","4","94","/5/10/11/11/9/12/13/14/6/3","50","6","/1/1/1/0/1/0/0/0/1/1","9.4000000000000003553","12.5","12466.6666666666660603369"
"6.6.1","win","2023-09-07","12:37:51","R_5chA37yjOv7crVn","979721754","1","106997","1","1","1","1","32","10","0","5","465","/85/0/45/70/0/50/50/55/45/65","10","8","106","/17/5/9/14/8/10/10/11/9/13","93","2","/0/1/0/0/1/0/0/0/0/0","10.5999999999999996447","11.625","4255.8461538461542659206"
"6.6.1","win","2023-09-07","13:38:21","R_b4w4l68SyTiJh7P","979721745","1","101462","1","1","1","1","32","10","0","5","265","/0/70/55/0/0/45/0/0/40/55","10","5","100","/19/14/11/1/9/9/6/12/8/11","53","5","/1/0/0/1/1/0/1/1/0/0","10","10.5999999999999996447","6171.5454545454549588612"
"6.6.1","mac","2023-09-07","10:39:07","R_3MogVAG2sJ4YxL1","979721753","1","83287","1","1","1","1","32","10","0","5","165","/50/0/0/0/30/0/0/20/30/35","10","5","62","/10/3/14/3/6/3/6/4/6/7","33","5","/0/1/1/1/0/1/1/0/0/0","6.2000000000000001776","6.5999999999999996447","7122.7142857142853245023"
"6.6.1","mac","2023-09-07","13:40:40","R_3I43wNW3DgwfWyu","979721768","1","37819","1","1","1","1","32","10","0","5","170","/5/0/45/0/0/25/20/20/25/30","10","7","62","/1/11/9/8/9/5/4/4/5/6","34","3","/0/1/0/1/1/0/0/0/0/0","6.2000000000000001776","4.8571428571428567622","2800"
"6.6.1","win","2023-09-07","12:41:41","R_RaYUx4WAx8mpVMB","979721767","1","61772","1","1","1","1","32","10","0","5","110","/10/10/10/15/15/15/15/0/10/10","10","9","24","/2/2/2/3/3/3/3/2/2/2","22","1","/0/0/0/0/0/0/0/1/0/0","2.3999999999999999112","2.4444444444444446418","8952"
"6.6.1","win","2023-09-07","10:43:37","R_24d5O4wCaTkBhHM","979721757","1","72070","1","1","1","1","32","10","0","5","255","/80/0/0/25/50/0/50/50/0/0","10","5","68","/16/2/8/5/10/4/10/10/2/1","51","5","/0/1/1/0/0/1/0/0/1/1","6.7999999999999998224","10.1999999999999992895","32187"
"6.6.1","mac","2023-09-07","13:40:58","R_2zAttwiJ6MiXcwJ","979721750","1","151022","1","1","1","1","32","10","0","5","345","/0/0/50/55/60/65/50/65/0/0","10","6","87","/2/3/10/11/12/13/10/13/9/4","69","4","/1/1/0/0/0/0/0/0/1/1","8.6999999999999992895","11.5","29338.75"
"6.6.1","win","2023-09-07","13:42:26","R_10DjYJnE7Igyslq","979721765","1","64047","1","1","1","1","32","10","0","5","390","/0/60/65/55/0/50/30/0/60/70","10","7","108","/14/12/13/11/12/10/6/4/12/14","78","3","/1/0/0/0/1/0/0/1/0/0","10.8000000000000007105","11.1428571428571423496","1842.5"
"6.6.1","win","2023-09-07","11:41:59","R_1KwlQk8gZjuB0Lg","979721758","1","93122","1","1","1","1","32","10","0","5","660","/80/70/95/80/80/80/0/95/0/80","10","8","149","/16/14/19/16/16/16/1/19/16/16","132","2","/0/0/0/0/0/0/1/0/1/0","14.9000000000000003553","16.5","3227.3125"
"6.6.1","win","2023-09-07","12:42:04","R_3Pibfr1g5eOWaXX","979721762","1","95553","1","1","1","1","32","10","0","5","400","/80/75/0/0/0/0/90/0/75/80","10","5","129","/16/15/9/18/11/3/18/8/15/16","80","5","/0/0/1/1/1/1/0/1/0/0","12.9000000000000003553","16","2537.9375"
"6.6.1","win","2023-09-07","13:43:11","R_3nPlZ5Q7i4mVAyS","979721771","1","71237","1","1","1","1","32","10","0","5","285","/0/40/0/40/60/80/0/65/0/0","10","5","103","/6/8/12/8/12/16/14/13/1/13","57","5","/1/0/1/0/0/0/1/0/1/1","10.3000000000000007105","11.4000000000000003553","3231.3076923076923776534"
"6.6.1","win","2023-09-07","13:43:07","R_2c2gWBGXQOq70fY","979721763","1","73323","1","1","1","1","32","10","0","5","235","/0/0/10/0/30/15/30/40/50/60","10","7","71","/15/3/2/6/6/3/6/8/10/12","47","3","/1/1/0/1/0/0/0/0/0/0","7.0999999999999996447","6.7142857142857144126","2567.5"
"6.6.1","win","2023-09-07","13:44:26","R_1N7ZBvlvnOsxNch","979721760","1","50696","1","1","1","1","32","10","0","5","205","/0/50/95/0/0/60/0/0/0/0","10","3","106","/9/10/19/17/16/12/6/12/2/3","41","7","/1/0/0/1/1/0/1/1/1/1","10.5999999999999996447","13.6666666666666660745","9740.3333333333339396631"
"6.6.0","win","2023-09-07","11:43:56","R_3nI47XPwsyou6bO","979721769","1","82183","1","1","1","1","32","10","0","5","255","/0/115/0/0/0/65/0/75/0/0","10","3","117","/4/23/17/3/14/13/8/15/2/18","51","7","/1/0/1/1/1/0/1/0/1/1","11.6999999999999992895","17","1948.7777777777778283053"
"6.6.1","win","2023-09-07","13:45:03","R_2TMHgcJoy9gt0EI","979721785","1","45318","1","1","1","1","32","10","0","5","195","/25/15/20/30/25/0/15/20/20/25","10","9","45","/5/3/4/6/5/6/3/4/4/5","39","1","/0/0/0/0/0/1/0/0/0/0","4.5","4.3333333333333330373","4241.8000000000001818989"
"6.6.1","win","2023-09-07","10:45:00","R_1gNKGJYLt2iLA8E","979721764","1","65174","1","1","1","1","32","10","0","5","600","/70/85/80/110/0/85/75/95/0/0","10","7","157","/14/17/16/22/24/17/15/19/9/4","120","3","/0/0/0/0/1/0/0/0/1/1","15.6999999999999992895","17.1428571428571423496","8568"
"6.6.3","and","2023-09-07","10:44:33","R_u50mRjyRLiirEDD","979721766","1","99477","1","1","1","1","32","10","0","5","170","/0/0/0/95/0/0/25/25/25/0","10","4","123","/28/22/15/19/6/13/5/5/5/5","34","6","/1/1/1/0/1/1/0/0/0/1","12.3000000000000007105","8.5","10469"
"6.6.1","win","2023-09-07","12:45:18","R_3k54sdeVpmWvxqT","979721773","1","118154","1","1","1","1","32","10","0","5","370","/80/0/55/0/35/55/55/55/0/35","10","7","90","/16/5/11/7/7/11/11/11/4/7","74","3","/0/1/0/1/0/0/0/0/1/0","9","10.5714285714285711748","9247.285714285713766003"
"6.6.1","win","2023-09-07","13:44:56","R_1rGoCgfIi0p1iW0","979721777","1","139634","1","1","1","1","32","10","0","5","400","/100/0/0/0/70/75/0/80/75/0","10","5","133","/20/17/6/13/14/15/3/16/15/14","80","5","/0/1/1/1/0/0/1/0/0/1","13.3000000000000007105","16","4659.2142857142853245023"
"6.6.1","mac","2023-09-07","12:45:39","R_3npZ0OTDXp204qr","979721761","1","142455","1","1","1","1","32","10","0","5","425","/80/0/65/70/0/75/55/0/80/0","10","6","109","/16/7/13/14/2/15/11/2/16/13","85","4","/0/1/0/0/1/0/0/1/0/1","10.9000000000000003553","14.1666666666666660745","7983.2307692307695106138"
"6.6.1","win","2023-09-07","12:46:29","R_3sBPU939owWUqoU","979721781","1","94849","1","1","1","1","32","10","0","5","120","/20/0/10/20/25/10/10/0/0/25","10","7","30","/4/2/2/4/5/2/2/3/1/5","24","3","/0/1/0/0/0/0/0/1/1/0","3","3.4285714285714283811","8863.2000000000007275958"
"6.6.1","win","2023-09-07","10:47:06","R_UckHsZStW8iPmj7","979721786","1","61384","1","1","1","1","32","10","0","5","365","/0/0/70/0/90/0/0/65/65/75","10","5","121","/6/17/14/4/18/8/13/13/13/15","73","5","/1/1/0/1/0/1/1/0/0/0","12.0999999999999996447","14.5999999999999996447","1693.3333333333332575421"
"6.6.1","win","2023-09-07","12:51:31","R_elkNRijfgGEGmrL","979721775","1","132835","1","1","1","1","32","10","0","5","230","/40/15/20/5/30/30/5/25/30/30","10","10","46","/8/3/4/1/6/6/1/5/6/6","46","0","/0/0/0/0/0/0/0/0/0/0","4.5999999999999996447","4.5999999999999996447","4968.1666666666669698316"
"6.6.1","win","2023-09-07","12:47:27","R_3ELjZWNH83rKL1Y","979721799","1","47074","1","1","1","1","32","10","0","5","500","/115/85/80/0/75/65/0/0/80/0","10","6","147","/23/17/16/22/15/13/2/13/16/10","100","4","/0/0/0/1/0/0/1/1/0/1","14.6999999999999992895","16.6666666666666678509","2849.5"
"6.6.1","win","2023-09-07","12:47:04","R_1Fh0kUzfRTuuEVD","979721776","1","79165","1","1","1","1","32","10","0","5","280","/25/0/30/35/35/35/35/35/50/0","10","8","66","/5/1/6/7/7/7/7/7/10/9","56","2","/0/1/0/0/0/0/0/0/0/1","6.5999999999999996447","7","5225.111111111111313221"
"6.6.1","win","2023-09-07","13:47:44","R_29ofaotuc62hYbb","979721795","1","47757","1","1","1","1","32","10","0","5","150","/15/15/15/15/15/15/15/15/15/15","10","10","30","/3/3/3/3/3/3/3/3/3/3","30","0","/0/0/0/0/0/0/0/0/0/0","3","3","4956"
"6.6.1","win","2023-09-07","11:47:47","R_3mgHEF1LOGJJDZt","979721802","1","45738","1","1","1","1","32","10","0","5","205","/50/0/0/0/25/25/25/0/45/35","10","6","62","/10/1/1/9/5/5/5/10/9/7","41","4","/0/1/1/1/0/0/0/1/0/0","6.2000000000000001776","6.8333333333333330373","3072.2857142857142207504"
"6.6.1","win","2023-09-07","10:47:34","R_28USiK1AZto53CZ","979721779","1","72280","1","1","1","1","32","10","0","5","215","/0/40/50/0/0/40/45/0/0/40","10","5","69","/10/8/10/1/5/8/9/3/7/8","43","5","/1/0/0/1/1/0/0/1/1/0","6.9000000000000003553","8.5999999999999996447","5534.25"
"6.6.1","mac","2023-09-07","13:48:24","R_3KvxvbwgqrsMCiW","979721793","1","40359","1","1","1","1","32","10","0","5","185","/0/0/25/25/30/0/35/35/35/0","10","6","58","/9/1/5/5/6/6/7/7/7/5","37","4","/1/1/0/0/0/1/0/0/0/1","5.7999999999999998224","6.1666666666666669627","3080.1999999999998181011"
"6.6.1","win","2023-09-07","13:47:16","R_1FtXysBVSzPrx8h","979721772","1","119582","1","1","1","1","32","10","0","5","240","/0/85/0/0/0/0/70/0/85/0","10","3","121","/23/17/2/13/10/7/14/12/17/6","48","7","/1/0/1/1/1/1/0/1/0/1","12.0999999999999996447","16","14266"
"6.6.1","win","2023-09-07","13:47:55","R_2fiCgaTnYivVTZx","979721770","1","104224","1","1","1","1","32","10","0","5","330","/0/0/0/35/0/60/75/80/0/80","10","5","124","/8/11/9/7/10/12/15/16/20/16","66","5","/1/1/1/0/1/0/0/0/1/0","12.4000000000000003553","13.1999999999999992895","2542.3125"
"6.6.1","win","2023-09-07","13:48:39","R_2eQ1AxLd5rQJwO4","979721797","1","79367","1","1","1","1","32","10","0","5","400","/60/45/0/40/45/55/55/50/50/0","10","8","99","/12/9/7/8/9/11/11/10/10/12","80","2","/0/0/1/0/0/0/0/0/0/1","9.9000000000000003553","10","3099.9166666666665150842"
"6.6.1","win","2023-09-07","12:48:22","R_1KygB6v7cEzsV63","979721787","1","99115","1","1","1","1","32","10","0","5","320","/50/35/0/35/50/30/65/0/55/0","10","7","78","/10/7/6/7/10/6/13/7/11/1","64","3","/0/0/1/0/0/0/0/1/0/1","7.7999999999999998224","9.1428571428571423496","49830"
"6.6.3","and","2023-09-07","13:48:55","R_3lQDTjv9H70NPuG","979721790","1","48451","1","1","1","1","32","10","0","5","225","/0/0/35/40/65/0/0/20/30/35","10","7","65","/3/0/7/8/13/13/4/4/6/7","45","3","/1/0/0/0/0/1/1/0/0/0","6.5","6.4285714285714288252","2689"
"6.6.1","win","2023-09-07","10:49:51","R_3DjXJxXDTzbVFlk","979721809","1","57641","1","1","1","1","32","10","0","5","465","/80/0/50/60/0/60/70/65/80/0","10","7","120","/16/12/10/12/6/12/14/13/16/9","93","3","/0/1/0/0/1/0/0/0/0/1","12","13.2857142857142864756","2567.2222222222221716947"
"6.6.1","win","2023-09-07","12:49:56","R_qx73fSA5Rcq77nH","979721789","1","55274","1","1","1","1","32","10","0","5","160","/40/0/0/0/40/0/0/40/0/40","10","4","61","/8/6/10/2/8/2/5/8/4/8","32","6","/0/1/1/1/0/1/1/0/1/0","6.0999999999999996447","8","4142.75"
"6.6.1","win","2023-09-07","13:50:14","R_1KsdkR5HnTD45tD","979721774","1","50372","1","1","1","1","32","10","0","5","405","/80/0/65/80/0/65/0/0/60/55","10","6","102","/16/5/13/16/11/13/1/4/12/11","81","4","/0/1/0/0/1/0/1/1/0/0","10.1999999999999992895","13.5","2536.8181818181819835445"
"6.6.1","win","2023-09-07","13:49:52","R_1IW5H4noHpyRDAy","979721805","1","105700","1","1","1","1","32","10","0","5","450","/125/0/90/85/0/0/75/75/0/0","10","5","164","/25/17/18/17/9/20/15/15/16/12","90","5","/0/1/0/0/1/1/0/0/1/1","16.3999999999999985789","18","5790.5"
"6.6.1","mac","2023-09-07","13:50:38","R_3EaFHHSD0OqDNNY","979721791","1","39137","1","1","1","1","32","10","0","5","115","/0/0/5/15/20/30/20/25/0/0","10","7","32","/3/1/1/3/4/6/4/5/0/5","23","3","/1/1/0/0/0/0/0/0/0/1","3.2000000000000001776","3.2857142857142855874","2328.1999999999998181011"
"6.6.1","win","2023-09-07","13:49:34","R_DwoRPrKB5R1UOlP","979721759","1","116432","1","1","1","1","32","10","0","5","225","/35/0/25/25/25/30/25/0/30/30","10","8","51","/7/3/5/5/5/6/5/3/6/6","45","2","/0/1/0/0/0/0/0/1/0/0","5.0999999999999996447","5.625","6422.3333333333330301684"
"6.6.1","win","2023-09-07","13:51:15","R_1gTKhjA66t9zEsN","979721818","1","39458","1","1","1","1","32","10","0","5","155","/0/0/0/0/0/25/25/30/35/40","10","5","81","/24/9/9/1/7/5/5/6/7/8","31","5","/1/1/1/1/1/0/0/0/0/0","8.0999999999999996447","6.2000000000000001776","2004.375"
"6.6.1","win","2023-09-07","10:49:45","R_BAk4cOQeOUu1TSV","979721788","1","132825","1","1","1","1","32","10","0","5","725","/85/80/120/80/0/120/80/80/80/0","10","8","159","/17/16/24/16/4/24/16/16/16/10","145","2","/0/0/0/0/1/0/0/0/0/1","15.9000000000000003553","18.125","10009.1000000000003637979"
"6.6.1","win","2023-09-07","12:50:52","R_3GkxlKVcUyxTYEV","979721814","1","66662","1","1","1","1","32","10","0","5","410","/120/0/0/0/0/80/0/100/0/110","10","4","158","/24/16/9/10/10/16/17/20/14/22","82","6","/0/1/1/1/1/0/1/0/1/0","15.8000000000000007105","20.5","1740.3181818181817561708"
"6.6.1","win","2023-09-07","10:50:40","R_pKu85xiZAILWxIR","979721798","1","85185","1","1","1","1","32","10","0","5","270","/35/50/45/35/15/25/20/15/15/15","10","10","54","/7/10/9/7/3/5/4/3/3/3","54","0","/0/0/0/0/0/0/0/0/0/0","5.4000000000000003553","5.4000000000000003553","14997"
"6.6.1","win","2023-09-07","12:51:28","R_1fl0pmogt9w6Fi9","979721824","1","40364","1","1","1","1","32","10","0","5","115","/0/0/0/15/10/15/25/25/0/25","10","6","47","/14/3/4/3/2/3/5/5/3/5","23","4","/1/1/1/0/0/0/0/0/1/0","4.7000000000000001776","3.8333333333333334814","3625.8000000000001818989"
"6.6.1","win","2023-09-07","10:51:00","R_1jrC5Jy5Why1ogc","979721811","1","69284","1","1","1","1","32","10","0","5","560","/80/95/0/0/0/80/0/105/80/120","10","6","149","/16/19/13/17/5/16/2/21/16/24","112","4","/0/0/1/1/1/0/1/0/0/0","14.9000000000000003553","18.6666666666666678509","1402.5416666666667424579"
"6.6.1","win","2023-09-07","13:50:59","R_z73QCT9Y9rV8tfX","979721810","1","71680","1","1","1","1","32","10","0","5","310","/40/75/25/0/0/45/0/0/55/70","10","6","96","/8/15/5/18/5/9/5/6/11/14","62","4","/0/0/0/1/1/0/1/1/0/0","9.5999999999999996447","10.3333333333333339255","2201.6428571428573377489"
"6.6.1","win","2023-09-07","10:51:53","R_28USiK1AZto53CZ","979721779","1","46197","1","1","1","1","32","10","0","5","260","/50/65/0/55/0/50/0/0/40/0","10","5","87","/10/13/7/11/4/10/9/7/8/8","52","5","/0/0/1/0/1/0/1/1/0/1","8.6999999999999992895","10.4000000000000003553","3204.875"
"6.6.1","mac","2023-09-07","12:51:47","R_3MapDTexdvPP8sd","979721826","1","51330","1","1","1","1","32","10","0","5","425","/0/40/45/45/45/50/50/50/50/50","10","9","95","/10/8/9/9/9/10/10/10/10/10","85","1","/1/0/0/0/0/0/0/0/0/0","9.5","9.4444444444444446418","2168.6999999999998181011"
"6.6.1","win","2023-09-07","13:50:06","R_1IY1gBVtQrwfens","979721778","1","156374","1","1","1","1","32","10","0","5","185","/0/20/0/25/15/30/20/20/45/10","10","8","43","/2/4/4/5/3/6/4/4/9/2","37","2","/1/0/1/0/0/0/0/0/0/0","4.2999999999999998224","4.625","36147"
"6.6.1","win","2023-09-07","13:51:10","R_sG1UgNnkLObLUkh","979721813","1","98580","1","1","1","1","32","10","0","5","485","/125/95/0/0/55/65/25/40/80/0","10","7","136","/25/19/23/8/11/13/5/8/16/8","97","3","/0/0/1/1/0/0/0/0/0/1","13.5999999999999996447","13.8571428571428576504","7332.875"
"6.6.1","mac","2023-09-07","10:51:53","R_30cWPABEEvCVRK7","979721821","1","73015","1","1","1","1","32","10","0","5","325","/0/60/50/0/0/55/80/0/80/0","10","5","95","/12/12/10/1/7/11/16/5/16/5","65","5","/1/0/0/1/1/0/0/1/0/1","9.5","13","8540"
"6.6.1","win","2023-09-07","12:51:54","R_27VBtwxMg26dwl6","979721822","1","75598","1","1","1","1","32","10","0","5","300","/0/30/65/20/0/55/50/0/35/45","10","7","77","/9/6/13/4/4/11/10/4/7/9","60","3","/1/0/0/0/1/0/0/1/0/0","7.7000000000000001776","8.5714285714285711748","3910"
"6.6.1","win","2023-09-07","12:52:33","R_eG9PCTERByHPtyV","979721796","1","178449","1","1","1","1","32","10","0","5","265","/15/30/40/40/0/40/35/35/0/30","10","8","66","/3/6/8/8/7/8/7/7/6/6","53","2","/0/0/0/0/1/0/0/0/1/0","6.5999999999999996447","6.625","8906.6666666666660603369"
"6.6.1","win","2023-09-07","13:52:03","R_1Qi83iszFQ0WL5Q","979721820","1","101402","1","1","1","1","32","10","0","5","145","/0/20/30/0/20/25/0/20/30/0","10","6","50","/3/4/6/8/4/5/5/4/6/5","29","4","/1/0/0/1/0/0/1/0/0/1","5","4.8333333333333330373","9124.2000000000007275958"
"6.6.1","win","2023-09-07","12:50:58","R_21H4yJdNbBfxBlX","979721792","1","169310","1","1","1","1","32","10","0","5","385","/25/30/20/50/35/50/50/55/70/0","10","9","78","/5/6/4/10/7/10/10/11/14/1","77","1","/0/0/0/0/0/0/0/0/0/1","7.7999999999999998224","8.5555555555555553582","76659"
"6.6.1","win","2023-09-07","11:52:59","R_3iWGWtS2HTHLdTp","979721823","1","58516","1","1","1","1","32","10","0","5","200","/25/25/15/15/15/30/5/15/30/25","10","10","40","/5/5/3/3/3/6/1/3/6/5","40","0","/0/0/0/0/0/0/0/0/0/0","4","4","4523.6000000000003637979"
"6.6.0","win","2023-09-07","13:51:56","R_3oRtZBUuyQIzjW2","979721808","1","123626","1","1","1","1","32","10","0","5","390","/30/40/40/40/40/40/40/40/40/40","10","10","78","/6/8/8/8/8/8/8/8/8/8","78","0","/0/0/0/0/0/0/0/0/0/0","7.7999999999999998224","7.7999999999999998224","6568.75"
"6.6.1","mac","2023-09-07","10:52:55","R_3PLcU5uRTBR4pa7","979721828","1","69956","1","1","1","1","32","10","0","5","475","/60/0/70/60/70/0/120/0/95/0","10","6","110","/12/4/14/12/14/1/24/8/19/2","95","4","/0/1/0/0/0/1/0/1/0/1","11","15.8333333333333339255","17713.5"
"6.6.0","win","2023-09-07","10:52:19","R_2vf58nvCViEvQUq","979721819","1","113381","1","1","1","1","32","10","0","5","620","/90/85/0/85/0/85/80/110/0/85","10","7","149","/18/17/9/17/15/17/16/22/1/17","124","3","/0/0/1/0/1/0/0/0/1/0","14.9000000000000003553","17.7142857142857153008","4045.1176470588234224124"
"6.6.1","win","2023-09-07","13:53:19","R_3oBp1lPORZeOyUr","979721825","1","56458","1","1","1","1","32","10","0","5","345","/0/50/50/0/0/50/65/0/70/60","10","6","108","/12/10/10/13/5/10/13/9/14/12","69","4","/1/0/0/1/1/0/0/1/0/0","10.8000000000000007105","11.5","2188.8333333333334849158"
"6.6.1","win","2023-09-07","13:50:24","R_PNxK4vq2ttqfQRj","979721803","1","228716","1","1","1","1","32","10","0","5","530","/60/80/100/60/80/0/0/0/50/100","10","7","127","/12/16/20/12/16/7/4/10/10/20","106","3","/0/0/0/0/0/1/1/1/0/0","12.6999999999999992895","15.1428571428571423496","8455.6000000000003637979"
"6.6.1","win","2023-09-07","12:52:31","R_WwEfWnIuJztZ86B","979721801","1","114780","1","1","1","1","32","10","0","5","100","/0/0/0/0/0/0/0/0/0/100","10","1","94","/15/10/5/6/14/2/12/7/3/20","20","9","/1/1/1/1/1/1/1/1/1/0","9.4000000000000003553","20","2673.1500000000000909495"
"6.6.1","win","2023-09-07","10:53:38","R_1Qz9meP0vh7aaxI","979721832","1","45333","1","1","1","1","32","10","0","5","240","/50/0/0/70/0/65/55/0/0/0","10","4","87","/10/3/3/14/12/13/11/7/8/6","48","6","/0/1/1/0/1/0/0/1/1/1","8.6999999999999992895","12","4554.5"
"6.6.1","win","2023-09-07","13:54:03","R_3jZoUPvrh9ok0Ks","979721838","1","26001","1","1","1","1","32","10","0","5","360","/55/35/80/50/25/0/30/45/0/40","10","8","88","/11/7/16/10/5/9/6/9/7/8","72","2","/0/0/0/0/0/1/0/0/1/0","8.8000000000000007105","9","952.125"
"6.6.1","win","2023-09-07","13:53:38","R_yL3cXu4jO1MPMit","979721783","1","69549","1","1","1","1","32","10","0","5","310","/40/0/35/50/45/40/50/50/0/0","10","7","80","/8/8/7/10/9/8/10/10/3/7","62","3","/0/1/0/0/0/0/0/0/1/1","8","8.8571428571428576504","4157.1428571428568830015"
"6.6.1","win","2023-09-07","12:54:02","R_2dXzdrfEWFsN2YQ","979721794","1","96247","1","1","1","1","32","10","0","5","170","/0/100/0/0/0/35/0/0/0/35","10","3","89","/14/20/10/9/8/7/2/9/3/7","34","7","/1/0/1/1/1/0/1/1/1/0","8.9000000000000003553","11.3333333333333339255","7302.8571428571431169985"
"6.6.1","win","2023-09-07","13:54:40","R_1mCt7RINxvPy4NI","979721839","1","62486","1","1","1","1","32","10","0","5","285","/0/30/60/0/45/0/35/0/50/65","10","6","99","/19/6/12/12/9/8/7/3/10/13","57","4","/1/0/0/1/0/1/0/1/0/0","9.9000000000000003553","9.5","2277.6923076923076223466"
"6.6.1","mac","2023-09-07","11:53:06","R_2TY9lXw3T6KC85o","979721812","1","164527","1","1","1","1","32","10","0","5","135","/0/0/0/0/0/80/0/0/55/0","10","2","98","/23/14/6/5/7/16/2/9/11/5","27","8","/1/1/1/1/1/0/1/1/0/1","9.8000000000000007105","13.5","20076.2000000000007275958"
"6.6.1","win","2023-09-07","12:55:02","R_1Hi6Ajqj00p025U","979721833","1","53484","1","1","1","1","32","10","0","5","380","/0/90/90/0/0/50/0/60/0/90","10","5","135","/8/18/18/11/7/10/14/12/19/18","76","5","/1/0/0/1/1/0/1/0/1/0","13.5","15.1999999999999992895","1620.5555555555556566105"
"6.6.1","win","2023-09-07","13:55:13","R_UWw7zKxejDMVtR","979721829","1","60312","1","1","1","1","32","10","0","5","250","/0/0/0/20/35/45/55/0/45/50","10","6","76","/2/6/5/4/7/9/11/13/9/10","50","4","/1/1/1/0/0/0/0/1/0/0","7.5999999999999996447","8.3333333333333339255","3173.1999999999998181011"
"6.6.0","win","2023-09-07","12:55:20","R_UfGxrcnqInI3fep","979721843","1","59001","1","1","1","1","32","10","0","5","120","/0/0/10/10/15/15/15/15/20/20","10","8","36","/9/3/2/2/3/3/3/3/4/4","24","2","/1/1/0/0/0/0/0/0/0/0","3.6000000000000000888","3","6529.5"
"6.6.1","win","2023-09-07","10:53:57","R_25F7st5HXdkBAMO","979721830","1","154076","1","1","1","1","32","10","0","5","275","/35/40/25/5/15/25/20/10/35/65","10","10","55","/7/8/5/1/3/5/4/2/7/13","55","0","/0/0/0/0/0/0/0/0/0/0","5.5","5.5","6532.5384615384618882672"
"6.6.1","win","2023-09-07","12:55:12","R_2YRmVJW52hWxXXG","979721831","1","94745","1","1","1","1","32","10","0","5","240","/0/65/0/0/0/30/25/0/45/75","10","5","89","/14/13/8/7/6/6/5/6/9/15","48","5","/1/0/1/1/1/0/0/1/0/0","8.9000000000000003553","9.5999999999999996447","2712.1999999999998181011"
"6.6.0","win","2023-09-07","12:55:46","R_2b1ToXjHY48yFod","979721851","1","63253","1","1","1","1","32","10","0","5","75","/15/0/10/0/10/10/10/10/10/0","10","7","23","/3/2/2/3/2/2/2/2/2/3","15","3","/0/1/0/1/0/0/0/0/0/1","2.2999999999999998224","2.1428571428571427937","4104.3333333333330301684"
"6.6.1","win","2023-09-07","13:54:54","R_zchDKPoEm0BVCAF","979721836","1","126689","1","1","1","1","32","10","0","5","340","/80/0/60/0/50/0/45/55/50/0","10","6","104","/16/16/12/12/10/2/9/11/10/6","68","4","/0/1/0/1/0/1/0/0/0/1","10.4000000000000003553","11.3333333333333339255","14152.8333333333339396631"
"6.6.1","win","2023-09-07","12:55:41","R_2ylWJmvwNrZOSqg","979721842","1","83732","1","1","1","1","32","10","0","5","340","/40/50/50/0/40/55/0/60/0/45","10","7","82","/8/10/10/4/8/11/9/12/1/9","68","3","/0/0/0/1/0/0/1/0/1/0","8.1999999999999992895","9.7142857142857135244","5429.6666666666669698316"
"6.6.1","win","2023-09-07","13:56:45","R_3kyRwEiMXUJIzzu","979721863","1","38718","1","1","1","1","32","10","0","5","360","/100/0/80/65/0/55/0/60/0/0","10","5","101","/20/11/16/13/4/11/3/12/2/9","72","5","/0/1/0/0/1/0/1/0/1/1","10.0999999999999996447","14.4000000000000003553","2442.6666666666665150842"
"6.6.3","and","2023-09-07","12:56:23","R_5BgoKYpntSXdpIJ","979721852","1","58915","1","1","1","1","32","10","0","5","465","/65/0/0/50/35/100/50/30/100/35","10","8","100","/13/3/4/10/7/20/10/6/20/7","93","2","/0/1/1/0/0/0/0/0/0/0","10","11.625","3617.8571428571426622511"
"6.6.1","win","2023-09-07","11:00:27","R_qwmKQ5XKqqrFdYt","979721807","1","38507","1","1","1","1","32","10","0","5","185","/35/45/0/0/45/0/15/15/15/15","10","7","63","/7/9/4/16/9/6/3/3/3/3","37","3","/0/0/1/1/0/1/0/0/0/0","6.2999999999999998224","5.2857142857142855874","4715.6666666666669698316"
"6.6.1","win","2023-09-07","13:56:46","R_3Kq4eG5ZGPzmSay","979721837","1","72202","1","1","1","1","32","10","0","5","335","/85/0/0/75/0/0/0/0/75/100","10","4","112","/17/10/15/15/4/1/2/13/15/20","67","6","/0/1/1/0/1/1/1/1/0/0","11.1999999999999992895","16.75","2039.9000000000000909495"
"6.6.1","win","2023-09-07","12:56:43","R_2WOoMHpj8IaFsDy","979721856","1","78680","1","1","1","1","32","10","0","5","620","/75/75/75/0/80/75/80/0/80/80","10","8","141","/15/15/15/3/16/15/16/14/16/16","124","2","/0/0/0/1/0/0/0/1/0/0","14.0999999999999996447","15.5","3059.6875"
"6.6.1","win","2023-09-07","13:56:29","R_1pSihpR0gfDMjMD","979721841","1","102433","1","1","1","1","32","10","0","5","285","/0/60/0/40/0/40/30/50/40/25","10","8","71","/0/12/6/8/8/8/6/10/8/5","57","2","/0/0/1/0/1/0/0/0/0/0","7.0999999999999996447","7.125","10912.6000000000003637979"
"6.6.1","win","2023-09-07","13:59:22","R_3maYYTlreuUAFgw","979721870","1","51116","1","1","1","1","32","10","0","5","345","/0/40/60/0/0/75/75/95/0/0","10","5","110","/20/8/12/1/1/15/15/19/5/14","69","5","/1/0/0/1/1/0/0/0/1/1","11","13.8000000000000007105","1577.3571428571428896248"
"6.6.1","win","2023-09-07","10:56:50","R_2qw6i9A9bqHL1mn","979721846","1","98540","1","1","1","1","32","10","0","5","295","/50/0/50/0/45/0/50/0/50/50","10","6","74","/10/6/10/1/9/3/10/5/10/10","59","4","/0/1/0/1/0/1/0/1/0/0","7.4000000000000003553","9.8333333333333339255","5624.8999999999996362021"
"6.6.1","win","2023-09-07","10:57:44","R_3Pt41j7LWnQEikZ","979721860","1","57799","1","1","1","1","32","10","0","5","250","/25/25/25/25/25/25/25/25/25/25","10","10","50","/5/5/5/5/5/5/5/5/5/5","50","0","/0/0/0/0/0/0/0/0/0/0","5","5","5119.6000000000003637979"
"6.6.1","win","2023-09-07","12:57:18","R_1hASHBtQH5yB0Zr","979721857","1","95011","1","1","1","1","32","10","0","5","285","/90/105/0/90/0/0/0/0/0/0","10","3","96","/18/21/4/18/7/14/4/2/4/4","57","7","/0/0/1/0/1/1/1/1/1/1","9.5999999999999996447","19","10475.5"
"6.6.1","win","2023-09-07","13:58:02","R_1gcgFcZF0qmbijO","979721861","1","53933","1","1","1","1","32","10","0","5","260","/0/35/40/0/55/60/0/0/40/30","10","6","90","/14/7/8/6/11/12/13/5/8/6","52","4","/1/0/0/1/0/0/1/1/0/0","9","8.6666666666666660745","4111.3333333333330301684"
"6.6.3","and","2023-09-07","13:56:51","R_10BFbhJxKZnzu2k","979721844","1","146871","1","1","1","1","32","10","0","5","810","/55/70/80/105/105/0/80/105/105/105","10","9","181","/11/14/16/21/21/19/16/21/21/21","162","1","/0/0/0/0/0/1/0/0/0/0","18.1000000000000014211","18","4545.1428571428568830015"
"6.6.1","win","2023-09-07","12:58:08","R_3EMX2prl1fHwmn3","979721780","1","56276","1","1","1","1","32","10","0","5","470","/0/65/0/55/75/65/70/90/0/50","10","7","119","/3/13/12/11/15/13/14/18/10/10","94","3","/1/0/1/0/0/0/0/0/1/0","11.9000000000000003553","13.4285714285714288252","2641.6999999999998181011"
"6.6.1","mac","2023-09-07","13:58:52","R_Z1WExdJVI5Teohz","979721888","1","17577","1","1","1","1","32","10","0","5","125","/35/20/15/5/5/10/0/15/10/10","10","10","25","/7/4/3/1/1/2/0/3/2/2","25","0","/0/0/0/0/0/0/0/0/0/0","2.5","2.5","3180"
"6.6.1","win","2023-09-07","12:58:33","R_bkm89b30esCVrz3","979721869","1","40855","1","1","1","1","32","10","0","5","280","/0/35/55/45/0/35/40/70/0/0","10","6","71","/8/7/11/9/4/7/8/14/2/1","56","4","/1/0/0/0/1/0/0/0/1/1","7.0999999999999996447","9.3333333333333339255","16796"
"6.6.1","mac","2023-09-07","13:58:19","R_Xjg9oiHNkcbao7f","979721876","1","63848","1","1","1","1","32","10","0","5","385","/0/0/0/55/100/80/70/0/80/0","10","5","118","/20/7/3/11/20/16/14/5/16/6","77","5","/1/1/1/0/0/0/0/1/0/1","11.8000000000000007105","15.4000000000000003553","6294.8333333333330301684"
"6.6.1","win","2023-09-07","13:58:44","R_3niMzlvhfjvsLBS","979721891","1","41255","1","1","1","1","32","10","0","5","290","/40/0/40/45/50/0/0/65/0/50","10","6","85","/8/5/8/9/10/11/3/13/8/10","58","4","/0/1/0/0/0/1/1/0/1/0","8.5","9.6666666666666660745","1340.2000000000000454747"
"6.6.1","win","2023-09-07","13:58:16","R_2WH9JE3qDbUUn9u","979721848","1","73505","1","1","1","1","32","10","0","5","90","/80/10/0/0/0/0/0/0/0/0","10","3","83","/16/2/25/4/13/6/5/1/11/0","18","7","/0/0/1/1/1/1/1/1/1/0","8.3000000000000007105","6",""
"6.6.1","win","2023-09-07","13:58:45","R_2V2RSnEd9tBEt2A","979721872","1","65511","1","1","1","1","32","10","0","5","535","/115/80/0/0/70/70/55/0/55/90","10","7","123","/23/16/5/10/14/14/11/1/11/18","107","3","/0/0/1/1/0/0/0/1/0/0","12.3000000000000007105","15.2857142857142864756","1749.6666666666667424579"
"6.6.1","win","2023-09-07","13:58:39","R_26gXtwprsbog0yx","979721871","1","78694","1","1","1","1","32","10","0","5","230","/0/90/0/0/65/75/0/0/0/0","10","3","98","/4/18/10/8/13/15/6/7/5/12","46","7","/1/0/1/1/0/0/1/1/1/1","9.8000000000000007105","15.3333333333333339255","3236"
"6.6.1","win","2023-09-07","13:56:48","R_1GPOSMWccRipkVz","979721840","1","198405","1","1","1","1","32","10","0","5","460","/65/60/0/50/65/50/60/60/50/0","10","8","108","/13/12/8/10/13/10/12/12/10/8","92","2","/0/0/1/0/0/0/0/0/0/1","10.8000000000000007105","11.5","19687.5"
"6.6.1","win","2023-09-07","13:58:25","R_3kb4pyUrL713MGg","979721847","1","97048","1","1","1","1","32","10","0","5","445","/130/0/0/0/75/100/0/0/60/80","10","5","165","/26/16/20/17/15/20/13/10/12/16","89","5","/0/1/1/1/0/0/1/1/0/0","16.5","17.8000000000000007105","4082.0625"
"6.6.1","win","2023-09-07","12:59:08","R_22KtHFf6wcIr8zF","979721874","1","59262","1","1","1","1","32","10","0","5","160","/0/0/80/0/80/0/0/0/0/0","10","2","107","/8/2/16/3/16/21/14/12/5/10","32","8","/1/1/0/1/0/1/1/1/1/1","10.6999999999999992895","16","2681.1999999999998181011"
"6.6.3","and","2023-09-07","13:58:37","R_SCs1rQNDV01YLsd","979721867","1","75617","1","1","1","1","32","10","0","5","160","/0/0/0/80/0/80/0/0/0/0","10","2","110","/3/16/9/16/11/16/11/12/8/8","32","8","/1/1/1/0/1/0/1/1/1/1","11","16","4645.375"
"6.6.1","win","2023-09-07","13:59:26","R_3KDPgLdKFmGqg3z","979721868","1","66421","1","1","1","1","32","10","0","5","400","/105/0/80/0/0/80/0/55/80/0","10","5","130","/21/18/16/16/4/16/7/11/16/5","80","5","/0/1/0/1/1/0/1/0/0/1","13","16","7969.6000000000003637979"
"6.6.1","win","2023-09-07","13:59:25","R_1mJBant7N9QU2WV","979721880","1","65421","1","1","1","1","32","10","0","5","330","/0/55/70/55/0/0/60/0/35/55","10","6","92","/2/11/14/11/12/2/12/10/7/11","66","4","/1/0/0/0/1/1/0/1/0/0","9.1999999999999992895","11","3521.5454545454545041139"
"6.6.1","win","2023-09-07","12:58:46","R_2qlMOtqdHJyzKJT","979721864","1","111480","1","1","1","1","32","10","0","5","295","/25/30/30/35/25/30/30/35/35/20","10","10","59","/5/6/6/7/5/6/6/7/7/4","59","0","/0/0/0/0/0/0/0/0/0/0","5.9000000000000003553","5.9000000000000003553","18385.5"
"6.6.1","win","2023-09-07","12:59:19","R_r7rBa1vab90f01r","979721850","1","84669","1","1","1","1","32","10","0","5","445","/65/65/0/40/55/40/80/80/20/0","10","8","107","/13/13/2/8/11/8/16/16/4/16","89","2","/0/0/1/0/0/0/0/0/0/1","10.6999999999999992895","11.125","2681.5625"
"6.6.1","win","2023-09-07","13:59:50","R_3mjxtmGbxGJ5G0p","979721893","1","66077","1","1","1","1","32","10","0","5","610","/100/80/70/0/0/85/90/0/90/95","10","7","160","/20/16/14/12/18/17/18/8/18/19","122","3","/0/0/0/1/1/0/0/1/0/0","16","17.4285714285714270488","1366.8947368421052033227"
"6.6.1","mac","2023-09-07","11:00:13","R_3itb4HMIPdt67L6","979721866","1","52812","1","1","1","1","32","10","0","5","355","/20/45/20/40/25/65/30/35/30/45","10","10","71","/4/9/4/8/5/13/6/7/6/9","71","0","/0/0/0/0/0/0/0/0/0/0","7.0999999999999996447","7.0999999999999996447","2488.111111111111313221"
"6.6.1","mac","2023-09-07","11:01:08","R_4Pe6dRXmBuRm0ql","979721904","1","29855","1","1","1","1","32","10","0","5","120","/0/0/0/25/45/0/0/0/20/30","10","5","75","/27/6/5/5/9/9/0/4/4/6","24","5","/1/1/1/0/0/1/0/1/0/0","7.5","4.7999999999999998224","2279.3333333333334849158"
"6.6.1","win","2023-09-07","14:00:42","R_11dbochq3fYxRIM","979721879","1","81788","1","1","1","1","32","10","0","5","115","/0/0/0/15/20/30/0/15/35/0","10","5","54","/10/6/5/3/4/6/2/3/7/8","23","5","/1/1/1/0/0/0/1/0/0/1","5.4000000000000003553","4.5999999999999996447","5659.125"
"6.6.3","and","2023-09-07","13:59:15","R_3Dd3Xsto9gPQ4Af","979721854","1","163230","1","1","1","1","32","10","0","5","290","/90/0/0/50/50/50/0/50/0/0","10","5","99","/18/14/9/10/10/10/7/10/6/5","58","5","/0/1/1/0/0/0/1/0/1/1","9.9000000000000003553","11.5999999999999996447","14853.2000000000007275958"
"6.6.1","win","2023-09-07","11:01:28","R_3hzlCZoRAIi9ioP","979721902","1","48049","1","1","1","1","32","10","0","5","380","/0/60/60/0/60/0/60/75/65/0","10","6","102","/9/12/12/3/12/7/12/15/13/7","76","4","/1/0/0/1/0/1/0/0/0/1","10.1999999999999992895","12.6666666666666660745","3609"
"6.6.1","win","2023-09-07","11:01:06","R_2qz3lOTVcVcyp1T","979721877","1","80514","1","1","1","1","32","10","0","5","200","/0/20/30/25/15/15/5/30/35/25","10","9","45","/5/4/6/5/3/3/1/6/7/5","40","1","/1/0/0/0/0/0/0/0/0/0","4.5","4.4444444444444446418","6135.8000000000001818989"
"6.6.1","win","2023-09-07","14:00:20","R_BGmDz7FzxyVsIUh","979721855","1","144691","1","1","1","1","32","10","0","5","435","/50/60/70/0/60/0/60/0/75/60","10","7","106","/10/12/14/8/12/4/12/7/15/12","87","3","/0/0/0/1/0/1/0/1/0/0","10.5999999999999996447","12.4285714285714288252","6354.8333333333330301684"
"6.6.1","mac","2023-09-07","14:00:51","R_1o0gbYBS9J9U5H","979721883","1","123389","1","1","1","1","32","10","0","5","155","/0/5/0/5/10/25/15/45/20/30","10","8","35","/3/1/1/1/2/5/3/9/4/6","31","2","/1/0/1/0/0/0/0/0/0/0","3.5","3.875","11578.6666666666660603369"
"6.6.1","win","2023-09-07","14:01:23","R_qQmlxo3xbEB4QKt","979721859","1","101711","1","1","1","1","32","10","0","5","200","/0/0/25/25/0/50/50/50/0/0","10","5","95","/4/9/5/5/7/10/10/10/20/15","40","5","/1/1/0/0/1/0/0/0/1/1","9.5","8","3301.9333333333333939663"
"6.6.1","win","2023-09-07","14:01:34","R_2EcWC3d7z0gxPf9","979721881","1","95972","1","1","1","1","32","10","0","5","295","/0/70/0/95/65/0/0/65/0/0","10","4","132","/5/14/7/19/13/2/25/13/23/11","59","6","/1/0/1/0/0/1/1/0/1/1","13.1999999999999992895","14.75","3884.0909090909090082278"
"6.6.1","win","2023-09-07","13:59:56","R_2pWvhAZM3qWFQ4n","979721834","1","207528","1","1","1","1","32","10","0","5","435","/50/0/10/60/75/0/50/75/65/50","10","8","96","/10/1/2/12/15/8/10/15/13/10","87","2","/0/1/0/0/0/1/0/0/0/0","9.5999999999999996447","10.875","11967.7000000000007275958"
"6.6.1","win","2023-09-07","13:59:14","R_QbtLE3sM5KdFUn7","979721835","1","248205","1","1","1","1","32","10","0","5","300","/0/0/100/0/100/0/100/0/0/0","10","3","120","/9/20/20/3/20/6/20/14/1/7","60","7","/1/1/0/1/0/1/0/1/1/1","12","20","6094.5714285714284415008"
"6.6.1","win","2023-09-07","14:02:16","R_1IWSixJ8i5Dlsnd","979721900","1","75325","1","1","1","1","32","10","0","5","210","/20/25/30/30/0/30/25/25/0/25","10","8","51","/4/5/6/6/4/6/5/5/5/5","42","2","/0/0/0/0/1/0/0/0/1/0","5.0999999999999996447","5.25","9763"
"6.6.1","mac","2023-09-07","14:02:24","R_2rZxJykp6Yyzv0e","979721849","1","81060","1","1","1","1","32","10","0","5","205","/50/0/40/35/25/20/0/25/0/10","10","7","48","/10/1/8/7/5/4/2/5/4/2","41","3","/0/1/0/0/0/0/1/0/1/0","4.7999999999999998224","5.8571428571428567622","21781"
"6.6.1","win","2023-09-07","14:01:25","R_2cedz6SEEpsoQwd","979721853","1","154602","1","1","1","1","32","10","0","5","325","/35/35/0/40/35/0/45/45/35/55","10","8","77","/7/7/8/8/7/4/9/9/7/11","65","2","/0/0/1/0/0/1/0/0/0/0","7.7000000000000001776","8.125","9087.4545454545459506335"
"6.6.1","win","2023-09-07","11:02:32","R_3037Ya4AU2vYIOj","979721865","1","95191","1","1","1","1","32","10","0","5","165","/20/55/0/20/30/0/25/15/0/0","10","6","58","/4/11/4/4/6/4/5/3/12/5","33","4","/0/0/1/0/0/1/0/0/1/1","5.7999999999999998224","5.5","9471.7999999999992724042"
"6.6.0","win","2023-09-07","13:01:59","R_2D6QR4PmNSpBfCK","979721887","1","130381","1","1","1","1","32","10","0","5","280","/0/0/30/30/45/45/0/45/40/45","10","7","67","/1/7/6/6/9/9/3/9/8/9","56","3","/1/1/0/0/0/0/1/0/0/0","6.7000000000000001776","8","9670.3333333333339396631"
"6.6.1","win","2023-09-07","13:02:38","R_2uwSDpvHOI5zoiP","979721899","1","93992","1","1","1","1","32","10","0","5","290","/55/0/35/50/5/0/40/0/50/55","10","7","66","/11/5/7/10/1/1/8/2/10/11","58","3","/0/1/0/0/0/1/0/1/0/0","6.5999999999999996447","8.2857142857142864756","4040.8181818181819835445"
"6.6.1","and","2023-09-07","19:02:57","R_1mrehJsDsyRgvbm","979721892","1","81300","1","1","1","1","32","10","0","5","480","/35/55/0/40/75/45/55/60/70/45","10","9","100","/7/11/4/8/15/9/11/12/14/9","96","1","/0/0/1/0/0/0/0/0/0/0","10","10.6666666666666660745","5711.4444444444443433895"
"6.6.1","mac","2023-09-07","13:03:18","R_DTBAUBFe9C3QYmJ","979721905","1","67574","1","1","1","1","32","10","0","5","305","/35/35/55/50/35/0/30/40/0/25","10","8","66","/7/7/11/10/7/4/6/8/1/5","61","2","/0/0/0/0/0/1/0/0/1/0","6.5999999999999996447","7.625","7249.6000000000003637979"
"6.6.1","win","2023-09-07","14:03:28","R_3em3ftLIPj1dHU0","979721917","1","58648","1","1","1","1","32","10","0","5","260","/0/40/0/40/55/0/50/0/35/40","10","6","72","/11/8/1/8/11/1/10/7/7/8","52","4","/1/0/1/0/0/1/0/1/0/0","7.2000000000000001776","8.6666666666666660745","3854.125"
"6.6.1","win","2023-09-07","13:03:37","R_2OMSNU3WSYGUI7z","979721928","1","53024","1","1","1","1","32","10","0","5","445","/90/0/0/85/0/100/0/85/0/85","10","5","166","/18/25/3/17/23/20/17/17/9/17","89","5","/0/1/1/0/1/0/1/0/1/0","16.6000000000000014211","17.8000000000000007105","1646.8823529411765775876"
"6.6.1","win","2023-09-07","14:03:33","R_3fkgyxMNc2edkJR","979721918","1","56640","1","1","1","1","32","10","0","5","380","/0/0/0/0/0/90/90/100/0/100","10","4","135","/13/2/14/6/10/18/18/20/14/20","76","6","/1/1/1/1/1/0/0/0/1/0","13.5","19","1486.9500000000000454747"
"6.6.1","win","2023-09-07","13:02:47","R_xDVxkmEXyJMKAkF","979721845","1","107361","1","1","1","1","32","10","0","5","530","/110/0/0/0/50/80/80/105/105/0","10","6","160","/22/10/22/12/10/16/16/21/21/10","106","4","/0/1/1/1/0/0/0/0/0/1","16","17.6666666666666678509","6209.1999999999998181011"
"6.6.1","win","2023-09-07","13:03:50","R_2rl67B2R6LQYHq5","979721890","1","55690","1","1","1","1","32","10","0","5","240","/80/25/0/40/25/0/0/40/25/5","10","7","60","/16/5/7/8/5/3/2/8/5/1","48","3","/0/0/1/0/0/1/1/0/0/0","6","6.8571428571428567622","23715"
"6.6.1","win","2023-09-07","11:01:53","R_OsdnUQ6t9XnPzUJ","979721875","1","183335","1","1","1","1","32","10","0","5","445","/115/120/0/0/115/0/95/0/0/0","10","4","161","/23/24/6/24/23/9/19/11/11/11","89","6","/0/0/1/1/0/1/0/1/1/1","16.1000000000000014211","22.25","7788.636363636363967089"
"6.6.1","win","2023-09-07","14:02:35","R_3hhwlmKmElJbEUz","979721878","1","152749","1","1","1","1","32","10","0","5","425","/35/70/125/0/45/0/0/70/80/0","10","6","119","/7/14/25/4/9/14/2/14/16/14","85","4","/0/0/0/1/0/1/1/0/0/1","11.9000000000000003553","14.1666666666666660745","7869.6428571428568830015"
"6.6.1","win","2023-09-07","14:04:42","R_2qkEeeiYrpxesHx","979721927","1","47321","1","1","1","1","32","10","0","5","225","/0/0/35/0/40/60/45/0/25/20","10","6","62","/5/7/7/1/8/12/9/4/5/4","45","4","/1/1/0/1/0/0/0/1/0/0","6.2000000000000001776","7.5","6502.75"
"6.6.1","mac","2023-09-07","13:04:51","R_1Hc9D09FyOjVIDY","979721924","1","39483","1","1","1","1","32","10","0","5","125","/25/0/20/0/25/0/0/15/20/20","10","6","43","/5/6/4/2/5/6/4/3/4/4","25","4","/0/1/0/1/0/1/1/0/0/0","4.2999999999999998224","4.1666666666666669627","2873.75"
"6.6.1","win","2023-09-07","13:04:25","R_d0Ez7gwLxcQIicN","979721933","1","64804","1","1","1","1","32","10","0","5","330","/0/75/0/0/0/60/70/50/75/0","10","5","120","/22/15/13/5/2/12/14/10/15/12","66","5","/1/0/1/1/1/0/0/0/0/1","12","13.1999999999999992895","1519.0833333333332575421"
"6.6.0","win","2023-09-07","14:04:52","R_YVVRIN3LIqjcDbH","979721926","1","46330","1","1","1","1","32","10","0","5","160","/0/0/35/0/0/25/25/25/25/25","10","6","61","/17/6/7/1/5/5/5/5/5/5","32","4","/1/1/0/1/1/0/0/0/0/0","6.0999999999999996447","5.3333333333333330373","4013.4000000000000909495"
"6.6.1","win","2023-09-07","14:04:30","R_25ZODa6kXuJisES","979721919","1","71166","1","1","1","1","32","10","0","5","290","/0/0/40/50/50/0/50/50/0/50","10","6","84","/2/9/8/10/10/8/10/10/7/10","58","4","/1/1/0/0/0/1/0/0/1/0","8.4000000000000003553","9.6666666666666660745","3504.4000000000000909495"
"6.6.1","win","2023-09-07","14:04:33","R_3h5AlO2YPwtv4JF","979721901","1","118294","1","1","1","1","32","10","0","5","530","/0/60/90/0/60/65/75/95/0/85","10","7","144","/10/12/18/10/12/13/15/19/18/17","106","3","/1/0/0/1/0/0/0/0/1/0","14.4000000000000003553","15.1428571428571423496","4177.3529411764702672372"
"6.6.1","win","2023-09-07","11:04:14","R_3Eu9NLDarHOf13a","979721886","1","139552","1","1","1","1","32","10","0","5","330","/65/0/0/0/65/0/55/0/65/80","10","5","111","/13/2/18/5/13/14/11/6/13/16","66","5","/0/1/1/1/0/1/0/1/0/0","11.0999999999999996447","13.1999999999999992895","5525.9375"
"6.6.3","and","2023-09-07","13:05:57","R_27eTFQCRSvOmpTm","979721907","1","56761","1","1","1","1","32","10","0","5","240","/0/20/0/50/0/35/60/50/25/0","10","6","65","/7/4/1/10/8/7/12/10/5/1","48","4","/1/0/1/0/1/0/0/0/0/1","6.5","8","23032"
"6.6.1","win","2023-09-07","14:05:46","R_1PXz2XBsgJrPaH8","979721921","1","80664","1","1","1","1","32","10","0","5","160","/25/0/0/20/20/15/20/20/20/20","10","8","36","/5/3/1/4/4/3/4/4/4/4","32","2","/0/1/1/0/0/0/0/0/0/0","3.6000000000000000888","4","6593.75"
"6.6.1","mac","2023-09-07","14:12:52","R_2OOX6yezzjTEpht","979721931","1","33420","1","1","1","1","32","10","0","5","135","/0/20/20/0/15/20/20/0/20/20","10","7","34","/1/4/4/3/3/4/4/3/4/4","27","3","/1/0/0/1/0/0/0/1/0/0","3.3999999999999999112","3.8571428571428572063","3218.75"
"6.6.1","win","2023-09-07","11:06:35","R_3LZ9iNmnxTt2Qlx","979721912","1","43738","1","1","1","1","32","10","0","5","150","/10/15/15/20/20/0/0/20/25/25","10","8","34","/2/3/3/4/4/2/2/4/5/5","30","2","/0/0/0/0/0/1/1/0/0/0","3.3999999999999999112","3.75","3602.8000000000001818989"
"6.6.1","win","2023-09-08","00:05:50","R_32Ld8JJvPitCOUq","979721910","1","98897","1","1","1","1","32","10","0","5","320","/30/45/0/30/45/65/50/0/30/25","10","8","73","/6/9/6/6/9/13/10/3/6/5","64","2","/0/0/1/0/0/0/0/1/0/0","7.2999999999999998224","8","11183.7999999999992724042"
"6.6.1","win","2023-09-07","13:06:58","R_22S2IpDnZcMfAyQ","979721873","1","34018","1","1","1","1","32","10","0","5","140","/0/15/20/20/15/15/15/0/20/20","10","8","34","/5/3/4/4/3/3/3/1/4/4","28","2","/1/0/0/0/0/0/0/1/0/0","3.3999999999999999112","3.5","2246.25"
"6.6.1","win","2023-09-07","14:04:28","R_3lpdRVtI3h0K49j","979721898","1","183036","1","1","1","1","32","10","0","5","710","/90/105/105/105/0/0/105/95/105/0","10","7","175","/18/21/21/21/1/14/21/19/21/18","142","3","/0/0/0/0/1/1/0/0/0/1","17.5","20.2857142857142846992","6880.888888888888686779"
"6.6.1","mac","2023-09-07","14:06:20","R_1hFrhCeQqF7XMz9","979721916","1","75661","1","1","1","1","32","10","0","5","315","/0/15/35/0/20/0/35/40/65/105","10","7","73","/2/3/7/6/4/2/7/8/13/21","63","3","/1/0/0/1/0/1/0/0/0/0","7.2999999999999998224","9","2077.1904761904761471669"
"6.6.1","win","2023-09-07","14:06:07","R_23eQioFXdD2A29t","979721915","1","104216","1","1","1","1","32","10","0","5","305","/0/0/35/0/25/60/75/0/60/50","10","6","82","/6/2/7/3/5/12/15/10/12/10","61","4","/1/1/0/1/0/0/0/1/0/0","8.1999999999999992895","10.1666666666666660745","6385.3000000000001818989"
"6.6.1","win","2023-09-07","14:06:53","R_2ONlZ0CUssDZOeg","979721936","1","49383","1","1","1","1","32","10","0","5","285","/20/30/45/0/40/30/30/35/30/25","10","9","66","/4/6/9/9/8/6/6/7/6/5","57","1","/0/0/0/1/0/0/0/0/0/0","6.5999999999999996447","6.3333333333333330373","4505.3999999999996362021"
"6.6.1","win","2023-09-07","13:07:24","R_2e5d84vbOvKFpth","979721952","1","34336","1","1","1","1","32","10","0","5","60","/15/5/5/5/5/5/5/5/5/5","10","10","12","/3/1/1/1/1/1/1/1/1/1","12","0","/0/0/0/0/0/0/0/0/0/0","1.1999999999999999556","1.1999999999999999556","3871"
"6.6.1","win","2023-09-07","13:07:14","R_1LvAl4yJJhjR36f","979721950","1","46665","1","1","1","1","32","10","0","5","310","/0/70/0/0/50/0/45/45/45/55","10","6","88","/7/14/4/6/10/9/9/9/9/11","62","4","/1/0/1/1/0/1/0/0/0/0","8.8000000000000007105","10.3333333333333339255","1599.3636363636362602847"
"6.6.1","win","2023-09-07","13:06:26","R_UXc1PIzVAkSuFTr","979721897","1","105059","1","1","1","1","32","10","0","5","265","/5/5/15/35/50/80/0/75/0/0","10","7","81","/1/1/3/7/10/16/19/15/3/6","53","3","/0/0/0/0/0/0/1/0/1/1","8.0999999999999996447","7.5714285714285711748","6803"
"6.6.1","win","2023-09-07","13:07:40","R_33mdlHu5f4bbUWe","979721942","1","46611","1","1","1","1","32","10","0","5","125","/5/5/5/10/15/40/10/10/15/10","10","10","25","/1/1/1/2/3/8/2/2/3/2","25","0","/0/0/0/0/0/0/0/0/0/0","2.5","2.5","5502"
"6.6.1","win","2023-09-07","14:07:37","R_1oov4WuiiilqGw3","979721925","1","52009","1","1","1","1","32","10","0","5","345","/0/0/60/70/65/60/0/45/45/0","10","6","95","/14/5/12/14/13/12/4/9/9/3","69","4","/1/1/0/0/0/0/1/0/0/1","9.5","11.5","8470"
"6.6.0","win","2023-09-07","11:05:21","R_tWYvmU9JFtAIJjP","979721895","1","175027","1","1","1","1","32","10","0","5","225","/110/0/0/0/0/45/0/0/0/70","10","3","94","/22/6/9/9/8/9/9/1/7/14","45","7","/0/1/1/1/1/0/1/1/1/0","9.4000000000000003553","15","3976.2857142857142207504"
"6.6.1","win","2023-09-07","14:07:32","R_SUelMuF45viIwEN","979721930","1","84258","1","1","1","1","32","10","0","5","250","/0/0/60/0/50/60/0/0/0/80","10","4","123","/19/18/12/8/10/12/13/6/9/16","50","6","/1/1/0/1/0/0/1/1/1/0","12.3000000000000007105","12.5","3149.8125"
"6.6.1","mac","2023-09-07","13:05:46","R_3saXDxyhql2keiy","979721908","1","191042","1","1","1","1","32","10","0","5","520","/0/75/80/85/75/0/0/70/65/70","10","7","122","/6/15/16/17/15/7/5/14/13/14","104","3","/1/0/0/0/0/1/1/0/0/0","12.1999999999999992895","14.8571428571428576504","10301.6428571428568830015"
"6.6.1","mac","2023-09-07","11:08:23","R_3D6KXjOMTeohv7u","979721920","1","35955","1","1","1","1","32","10","0","5","280","/15/0/30/25/30/40/80/0/30/30","10","8","66","/3/7/6/5/6/8/16/3/6/6","56","2","/0/1/0/0/0/0/0/1/0/0","6.5999999999999996447","7","2567"
"6.6.1","win","2023-09-07","11:08:24","R_W84euwo3IEe8OYh","979721938","1","47047","1","1","1","1","32","10","0","5","40","/0/0/0/5/10/10/0/10/0/5","10","5","17","/1/3/2/1/2/2/2/2/1/1","8","5","/1/1/1/0/0/0/1/0/1/0","1.6999999999999999556","1.6000000000000000888","18357"
"6.6.1","win","2023-09-07","13:07:28","R_1dlVYKuArfBumIR","979721923","1","114773","1","1","1","1","32","10","0","5","350","/65/0/0/35/45/50/0/65/50/40","10","7","87","/13/8/8/7/9/10/1/13/10/8","70","3","/0/1/1/0/0/0/1/0/0/0","8.6999999999999992895","10","8666"
"6.6.1","win","2023-09-07","14:08:34","R_8phaw8br3S6WTiV","979721953","1","53936","1","1","1","1","32","10","0","5","140","/20/20/0/20/20/20/20/0/20/0","10","7","39","/4/4/5/4/4/4/4/4/4/2","28","3","/0/0/1/0/0/0/0/1/0/1","3.8999999999999999112","4","8576"
"6.6.1","win","2023-09-07","11:07:55","R_3KHDq3nrVtmfx5L","979721937","1","100419","1","1","1","1","32","10","0","5","285","/125/0/80/0/0/0/80/0/0/0","10","3","112","/25/4/16/12/19/4/16/3/5/8","57","7","/0/1/0/1/1/1/0/1/1/1","11.1999999999999992895","19","6807.5"
"6.6.1","win","2023-09-07","14:07:54","R_4GcWFesUDwSPTxv","979721947","1","108779","1","1","1","1","32","10","0","5","285","/0/35/40/0/50/50/50/60/0/0","10","6","92","/6/7/8/1/10/10/10/12/15/13","57","4","/1/0/0/1/0/0/0/0/1/1","9.1999999999999992895","9.5","5065.8461538461542659206"
"6.6.1","win","2023-09-07","14:07:47","R_8pjYdzAuc5Iu8St","979721956","1","113801","1","1","1","1","32","10","0","5","485","/55/35/55/0/45/55/65/65/60/50","10","9","105","/11/7/11/8/9/11/13/13/12/10","97","1","/0/0/0/1/0/0/0/0/0/0","10.5","10.7777777777777785673","6980.5"
"6.6.1","win","2023-09-07","11:08:31","R_Z3jnd6Jz4KglEfD","979721960","1","91327","1","1","1","1","32","10","0","5","365","/0/0/95/95/0/0/85/90/0/0","10","4","133","/1/18/19/19/17/20/17/18/2/2","73","6","/1/1/0/0/1/1/0/0/1/1","13.3000000000000007105","18.25","19657.5"
"6.6.1","win","2023-09-07","14:09:01","R_3KveRsDvXweEV4B","979721962","1","87007","1","1","1","1","32","10","0","5","275","/50/95/0/0/40/45/45/0/0/0","10","5","93","/10/19/11/10/8/9/9/1/11/5","55","5","/0/0/1/1/0/0/0/1/1/1","9.3000000000000007105","11","7127.8000000000001818989"
"6.6.1","win","2023-09-07","14:09:13","R_T6ifCZ6lvkXoHK1","979721934","1","80961","1","1","1","1","32","10","0","5","50","/0/10/10/15/0/0/10/0/0/5","10","5","24","/2/2/2/3/6/2/2/2/2/1","10","5","/1/0/0/0/1/1/0/1/1/0","2.3999999999999999112","2","41216"
"6.6.1","win","2023-09-07","14:10:00","R_2E77lFQiDRvvO6F","979721981","1","40783","1","1","1","1","32","10","0","5","205","/40/0/25/20/35/35/0/25/0/25","10","7","54","/8/7/5/4/7/7/5/5/1/5","41","3","/0/1/0/0/0/0/1/0/1/0","5.4000000000000003553","5.8571428571428567622","3387.8000000000001818989"
"6.6.1","win","2023-09-07","14:08:16","R_ywisp7yGsjFtlIZ","979721945","1","144923","1","1","1","1","32","10","0","5","500","/90/90/90/0/0/0/0/90/70/70","10","6","148","/18/18/18/17/11/2/18/18/14/14","100","4","/0/0/0/1/1/1/1/0/0/0","14.8000000000000007105","16.6666666666666678509","6178.2142857142853245023"
"6.6.1","win","2023-09-07","13:09:50","R_ugYIpmg6I8euRnH","979721980","1","54560","1","1","1","1","32","10","0","5","325","/35/30/25/35/30/40/55/0/35/40","10","9","75","/7/6/5/7/6/8/11/10/7/8","65","1","/0/0/0/0/0/0/0/1/0/0","7.5","7.2222222222222223209","3084.375"
"6.6.1","win","2023-09-07","14:09:00","R_3GrhIUXTw9uBB4Z","979721896","1","105366","1","1","1","1","32","10","0","5","205","/35/0/25/20/35/35/30/0/25/0","10","7","55","/7/7/5/4/7/7/6/2/5/5","41","3","/0/1/0/0/0/0/0/1/0/1","5.5","5.8571428571428567622","11002.2000000000007275958"
"6.6.1","win","2023-09-07","13:08:56","R_2zA4Hwj3gMx0mrI","979721885","1","116389","1","1","1","1","32","10","0","5","355","/50/35/50/40/50/0/35/50/45/0","10","8","84","/10/7/10/8/10/9/7/10/9/4","71","2","/0/0/0/0/0/1/0/0/0/1","8.4000000000000003553","8.875","16404"
"6.6.1","win","2023-09-07","13:10:22","R_3EMX2prl1fHwmn3","979721989","1","38767","1","1","1","1","32","10","0","5","385","/55/60/0/50/0/55/50/55/60/0","10","7","97","/11/12/7/10/11/11/10/11/12/2","77","3","/0/0/1/0/1/0/0/0/0/1","9.6999999999999992895","11","7568"
"6.6.1","win","2023-09-07","14:14:24","R_UQMf3smRLqTsYZX","979721986","1","45283","1","1","1","1","32","10","0","5","320","/40/40/40/40/40/0/0/40/40/40","10","8","68","/8/8/8/8/8/1/3/8/8/8","64","2","/0/0/0/0/0/1/1/0/0/0","6.7999999999999998224","8","2567.25"
"6.6.1","win","2023-09-07","11:09:15","R_2BxlKXQrtWFpqZ7","979721958","1","111938","1","1","1","1","32","10","0","5","435","/65/30/40/20/40/45/60/70/0/65","10","9","90","/13/6/8/4/8/9/12/14/3/13","87","1","/0/0/0/0/0/0/0/0/1/0","9","9.6666666666666660745","5020.0769230769228670397"
"6.6.1","win","2023-09-07","13:09:52","R_2rGAoBxwVms4YuW","979721957","1","82362","1","1","1","1","32","10","0","5","430","/0/0/65/100/0/0/80/80/0/105","10","5","153","/7/12/13/20/17/17/16/16/14/21","86","5","/1/1/0/0/1/1/0/0/1/0","15.3000000000000007105","17.1999999999999992895","1827.4285714285713311256"
"6.6.1","win","2023-09-07","14:07:25","R_UMzemflALV2twWt","979721909","1","238064","1","1","1","1","32","10","0","5","415","/95/0/0/115/0/0/100/105/0/0","10","4","156","/19/3/23/23/18/19/20/21/8/2","83","6","/0/1/1/0/1/1/0/0/1/1","15.5999999999999996447","20.75","71769.5"
"6.6.1","win","2023-09-07","14:09:59","R_b29QsRhcyDFFFVD","979721966","1","85508","1","1","1","1","32","10","0","5","395","/0/55/55/55/55/0/0/55/60/60","10","7","97","/10/11/11/11/11/4/4/11/12/12","79","3","/1/0/0/0/0/1/1/0/0/0","9.6999999999999992895","11.2857142857142864756","2891"
"6.6.1","win","2023-09-07","12:09:20","R_1NcmuwQrW6g8vND","979721943","1","125761","1","1","1","1","32","10","0","5","565","/0/80/70/75/95/70/90/0/85/0","10","7","157","/17/16/14/15/19/14/18/12/17/15","113","3","/1/0/0/0/0/0/0/1/0/1","15.6999999999999992895","16.1428571428571423496","5644.8000000000001818989"
"6.6.1","win","2023-09-07","14:10:43","R_1opbIhDV5ALp9m1","979721906","1","52276","1","1","1","1","32","10","0","5","300","/50/0/0/40/40/50/40/40/0/40","10","7","65","/10/2/1/8/8/10/8/8/2/8","60","3","/0/1/1/0/0/0/0/0/1/0","6,5","8,5714285714285711748","2929,125"
"6.6.1","win","2023-09-07","14:10:41","R_ZeQ0MYdhe0z3CQV","979721969","1","47369","1","1","1","1","32","10","0","5","185","/0/0/0/30/35/30/30/25/0/35","10","6","48","/2/7/1/6/7/6/6/5/1/7","37","4","/1/1/1/0/0/0/0/0/1/0","4.7999999999999998224","6.1666666666666669627","2309.8571428571426622511"
"6.6.1","win","2023-09-07","14:10:12","R_TmZbRwgvOPhyZEZ","979721974","1","100791","1","1","1","1","32","10","0","5","0","/0/0/0/0/0/0/0/0/0/0","10","0","155","/20/8/7/28/23/21/20/20/1/7","0","10","/1/1/1/1/1/1/1/1/1/1","15.5","","8059.7142857142853245023"
"6.6.0","win","2023-09-07","14:10:44","R_1OSL9rTUKZ8z7X1","979721978","1","81841","1","1","1","1","32","10","0","5","360","/80/0/120/0/0/0/0/40/55/65","10","5","115","/16/10/24/8/10/13/2/8/11/13","72","5","/0/1/0/1/1/1/1/0/0/0","11.5","14.4000000000000003553","3389.6923076923076223466"
"6.6.1","win","2023-09-07","14:10:05","R_2TTeFGHfQIMGdcB","979721961","1","118766","1","1","1","1","32","10","0","5","230","/20/35/25/25/0/40/0/0/40/45","10","7","62","/4/7/5/5/7/8/7/2/8/9","46","3","/0/0/0/0/1/0/1/1/0/0","6.2000000000000001776","6.5714285714285711748","5626.6666666666669698316"
"6.6.1","mac","2023-09-07","11:12:01","R_1QnfJHqgL52WCBB","979721996","1","28518","1","1","1","1","32","10","0","5","155","/25/35/0/0/15/20/30/30/0/0","10","6","42","/5/7/5/2/3/4/6/6/3/1","31","4","/0/0/1/1/0/0/0/0/1/1","4.2000000000000001776","5.1666666666666669627","10824"
"6.6.1","win","2023-09-07","14:10:45","R_1laUWOV2pxjJmEy","979721935","1","118405","1","1","1","1","32","10","0","5","95","/5/15/0/20/5/10/5/0/25/10","10","8","24","/1/3/3/4/1/2/1/2/5/2","19","2","/0/0/1/0/0/0/0/1/0/0","2.3999999999999999112","2.375","21115.5"
"6.6.1","mac","2023-09-07","14:12:12","R_1hWJ3SuTOSMTC8Q","979721995","1","40075","1","1","1","1","32","10","0","5","160","/30/0/25/20/20/0/25/0/20/20","10","7","44","/6/8/5/4/4/1/5/3/4/4","32","3","/0/1/0/0/0/1/0/1/0/0","4.4000000000000003553","4.5714285714285711748","5568.25"
"6.6.1","win","2023-09-07","14:11:03","R_DFRnlzl1oDhUd1v","979721964","1","116180","1","1","1","1","32","10","0","5","200","/0/0/0/0/40/50/0/60/0/50","10","4","101","/6/4/24/10/8/10/11/12/6/10","40","6","/1/1/1/1/0/0/1/0/1/0","10.0999999999999996447","10","6957.8000000000001818989"
"6.6.1","win","2023-09-07","11:13:22","R_3FVEg0PPWsHRPrj","979721967","1","126657","1","1","1","1","32","10","0","5","410","/0/40/50/60/60/60/0/0/60/80","10","7","107","/11/8/10/12/12/12/1/13/12/16","82","3","/1/0/0/0/0/0/1/1/0/0","10.6999999999999992895","11.7142857142857135244","3632.4375"
"6.6.1","win","2023-09-07","14:11:20","R_2zBFfrXVHrmGDnS","979721951","1","113298","1","1","1","1","32","10","0","5","255","/35/0/15/0/0/15/40/50/60/40","10","7","59","/7/1/3/4/3/3/8/10/12/8","51","3","/0/1/0/1/1/0/0/0/0/0","5.9000000000000003553","7.2857142857142855874","8856.75"
"6.6.1","win","2023-09-07","14:12:19","R_3Gcuf3PddwAetrp","979721982","1","101755","1","1","1","1","32","10","0","5","280","/0/15/35/75/65/0/0/35/0/55","10","6","90","/13/3/7/15/13/11/4/7/6/11","56","4","/1/0/0/0/0/1/1/0/1/0","9","9.3333333333333339255","5547.9090909090909917722"
"6.6.1","mac","2023-09-07","14:11:47","R_2EGibwHEhPnCbEu","979721977","1","134599","1","1","1","1","32","10","0","5","400","/0/0/50/50/50/60/0/80/60/50","10","7","93","/3/3/10/10/10/12/7/16/12/10","80","3","/1/1/0/0/0/0/1/0/0/0","9.3000000000000007105","11.4285714285714288252","7606.6000000000003637979"
"6.6.1","win","2023-09-07","14:11:19","R_2PumQJwhfjP1YZi","979721954","1","167672","1","1","1","1","32","10","0","5","385","/0/0/80/75/75/80/0/0/75/0","10","5","111","/4/1/16/15/15/16/10/11/15/8","77","5","/1/1/0/0/0/0/1/1/0/1","11.0999999999999996447","15.4000000000000003553","9448.125"
"6.6.1","win","2023-09-07","11:12:48","R_2VORgQw0PU98gK1","979721984","1","88432","1","1","1","1","32","10","0","5","220","/0/0/55/0/0/0/55/0/55/55","10","4","89","/20/7/11/1/11/4/11/2/11/11","44","6","/1/1/0/1/1/1/0/1/0/0","8.9000000000000003553","11","3988"
"6.6.1","win","2023-09-07","14:10:28","R_1dttZBqkkjz4AuY","979721929","1","235181","1","1","1","1","32","10","0","5","270","/55/0/15/45/0/10/0/50/55/40","10","7","74","/11/5/3/9/1/2/14/10/11/8","54","3","/0/1/0/0/1/0/1/0/0/0","7.4000000000000003553","7.7142857142857144126","18676.5"
"6.6.1","win","2023-09-07","14:14:04","R_bvX3NWRSxJN4IpP","979721998","1","40261","1","1","1","1","32","10","0","5","200","/25/0/25/25/25/25/25/25/0/25","10","8","45","/5/2/5/5/5/5/5/5/3/5","40","2","/0/1/0/0/0/0/0/0/1/0","4.5","5","3792.4000000000000909495"
"6.6.1","win","2023-09-07","13:13:33","R_0lBm9mJiajKCZIl","979721993","1","82987","1","1","1","1","32","10","0","5","425","/0/60/60/0/70/0/60/60/65/50","10","7","99","/1/12/12/7/14/6/12/12/13/10","85","3","/1/0/0/1/0/1/0/0/0/0","9.9000000000000003553","12.1428571428571423496","4771"
"6.6.1","win","2023-09-07","11:14:17","R_6Mqcx4Miz7uX9Lj","979721983","1","57418","1","1","1","1","32","10","0","5","360","/75/55/0/75/70/0/0/45/0/40","10","6","101","/15/11/11/15/14/9/4/9/5/8","72","4","/0/0/1/0/0/1/1/0/1/0","10,0999999999999996447","12","3005,5"
"6.6.1","win","2023-09-07","14:13:19","R_dj08UF2a8pLXrS9","979721968","1","122837","1","1","1","1","32","10","0","5","325","/15/80/0/55/75/0/40/60/0/0","10","6","108","/3/16/11/11/15/12/8/12/7/13","65","4","/0/0/1/0/0/1/0/0/1/1","10.8000000000000007105","10.8333333333333339255","6689.1538461538457340794"
"6.6.1","win","2023-09-07","14:14:51","R_2b0FcBJZRf2j39C","979722003","1","57057","1","1","1","1","32","10","0","5","390","/0/5/5/20/80/120/120/0/0/40","10","7","87","/4/1/1/4/16/24/24/1/4/8","78","3","/1/0/0/0/0/0/0/1/1/0","8.6999999999999992895","11.1428571428571423496","3037.25"
"6.6.1","win","2023-09-07","14:13:41","R_23Vlz7YtSeOdU5S","979721971","1","130092","1","1","1","1","32","10","0","5","300","/50/25/25/30/60/55/0/25/0/30","10","8","69","/10/5/5/6/12/11/5/5/4/6","60","2","/0/0/0/0/0/0/1/0/1/0","6.9000000000000003553","7.5","11268"
"6.6.1","win","2023-09-07","12:13:14","R_1FyNAEHM55orod2","979721987","1","160958","1","1","1","1","32","10","0","5","480","/0/0/0/80/105/0/0/85/105/105","10","5","152","/7/20/13/16/21/10/6/17/21/21","96","5","/1/1/1/0/0/1/1/0/0/0","15.1999999999999992895","19.1999999999999992895","4966.3809523809522943338"
"6.6.1","win","2023-09-07","13:12:12","R_3QKsXHYzpDJ97bT","979721932","1","239006","1","1","1","1","32","10","0","5","395","/125/0/0/0/60/90/0/60/0/60","10","5","119","/25/1/11/13/12/18/10/12/5/12","79","5","/0/1/1/1/0/0/1/0/1/0","11.9000000000000003553","15.8000000000000007105","10478.0833333333339396631"
"6.6.1","win","2023-09-07","14:14:43","R_22txtDbcibgGoj6","979721994","1","119677","1","1","1","1","32","10","0","5","290","/0/0/0/0/70/80/0/0/65/75","10","4","142","/24/2/22/10/14/16/10/16/13/15","58","6","/1/1/1/1/0/0/1/1/0/0","14.1999999999999992895","14.5","5930.8666666666667879326"
"6.6.1","win","2023-09-07","13:13:40","R_1IQ4j7d30uQG7gk","979721975","1","190640","1","1","1","1","32","10","0","5","205","/10/20/20/15/25/35/30/30/20/0","10","9","44","/2/4/4/3/5/7/6/6/4/3","41","1","/0/0/0/0/0/0/0/0/0/1","4.4000000000000003553","4.5555555555555553582","22696.6666666666678793263"
"6.6.1","win","2023-09-07","14:14:13","R_2tu3KBKQumjrTkl","979721970","1","163294","1","1","1","1","32","10","0","5","280","/45/40/40/0/40/0/25/25/30/35","10","8","66","/9/8/8/4/8/6/5/5/6/7","56","2","/0/0/0/1/0/1/0/0/0/0","6.5999999999999996447","7","14366.5714285714293509955"
"6.6.1","win","2023-09-07","14:11:58","R_1HbBybORiR3I0hL","979721985","1","306750","1","1","1","1","32","10","0","5","285","/85/0/35/60/45/0/0/15/20/25","10","7","81","/17/17/7/12/9/5/2/3/4/5","57","3","/0/1/0/0/0/1/1/0/0/0","8.0999999999999996447","8.1428571428571423496","49087.199999999997089617"
"6.6.1","win","2023-09-07","11:16:27","R_1ND01VB4Hdc4d6u","979721963","1","63361","1","1","1","1","32","10","0","5","145","/0/15/10/15/10/30/25/20/0/20","10","8","38","/8/3/2/3/2/6/5/4/1/4","29","2","/1/0/0/0/0/0/0/0/1/0","3.7999999999999998224","3.625","7116"
"6.6.1","win","2023-09-07","11:16:46","R_1MTnEEjiJn5ja6J","979722007","1","58142","1","1","1","1","32","10","0","5","310","/0/0/50/50/50/60/0/50/50/0","10","6","93","/4/12/10/10/10/12/12/10/10/3","62","4","/1/1/0/0/0/0/1/0/0/1","9.3000000000000007105","10.3333333333333339255","8292.6666666666660603369"
"6.6.1","win","2023-09-07","13:16:41","R_1OE0AZPQlkGWC0s","979722001","1","88254","1","1","1","1","32","10","0","5","400","/0/0/80/80/80/0/0/0/80/80","10","5","98","/2/2/16/16/16/2/8/4/16/16","80","5","/1/1/0/0/0/1/1/1/0/0","9.8000000000000007105","16","3449.625"
"6.6.3","and","2023-09-07","14:15:24","R_2CqBlVTeqY64XCK","979721979","1","167488","1","1","1","1","32","10","0","5","195","/40/0/25/0/15/30/0/40/25/20","10","7","60","/8/10/5/5/3/6/6/8/5/4","39","3","/0/1/0/1/0/0/1/0/0/0","6","5.5714285714285711748","24990.75"
"6.6.1","win","2023-09-07","18:15:42","R_2rHL5H9YVSGOSEQ","979721862","1","47907","1","1","1","1","32","10","0","5","165","/35/20/15/30/0/10/25/30/0/0","10","7","41","/7/4/3/6/1/2/5/6/4/3","33","3","/0/0/0/0/1/0/0/0/1/1","4.0999999999999996447","4.7142857142857144126","5450.3333333333330301684"
"6.6.1","win","2023-09-07","14:16:23","R_3Jbbfea7IseiFb0","979721992","1","130494","1","1","1","1","32","10","0","5","150","/35/0/25/0/25/30/10/0/25/0","10","6","53","/7/8/5/5/5/6/2/8/5/2","30","4","/0/1/0/1/0/0/0/1/0/1","5.2999999999999998224","5","37805"
"6.6.1","win","2023-09-07","14:17:09","R_3OiWv84nJdDapzt","979721990","1","118093","1","1","1","1","32","10","0","5","315","/0/75/0/0/0/70/55/0/65/50","10","5","107","/11/15/3/13/4/14/11/13/13/10","63","5","/1/0/1/1/1/0/0/1/0/0","10.6999999999999992895","12.5999999999999996447","5284.1000000000003637979"
"6.6.1","mac","2023-09-07","14:15:29","R_2e51XmrJ1oHnDWd","979721965","1","127482","1","1","1","1","32","10","0","5","135","/15/15/15/15/15/15/15/15/0/15","10","9","28","/3/3/3/3/3/3/3/3/1/3","27","1","/0/0/0/0/0/0/0/0/1/0","2.7999999999999998224","3","8311.3333333333339396631"
"6.6.1","win","2023-09-07","11:18:32","R_12nGwEJBgSX5qJO","979721999","1","82554","1","1","1","1","32","10","0","5","65","/0/0/0/40/0/0/0/0/25/0","10","2","81","/4/19/16/8/7/9/8/4/5/1","13","8","/1/1/1/0/1/1/1/1/0/1","8.0999999999999996447","6.5","24674"
"6.6.1","win","2023-09-07","14:18:04","R_31QVYGxXWjCFUj1","979722006","1","113573","1","1","1","1","32","10","0","5","145","/0/0/50/0/0/0/0/25/30/40","10","4","55","/4/1/10/7/8/5/1/5/6/8","29","6","/1/1/0/1/1/1/1/0/0/0","5.5","7.25","7499.5"
"6.6.1","win","2023-09-07","14:19:36","R_2xE0KuWkcBnRuyd","979722011","1","63823","1","1","1","1","32","10","0","5","490","/0/0/90/100/110/100/0/90/0/0","10","5","139","/9/10/18/20/22/20/12/18/4/6","98","5","/1/1/0/0/0/0/1/0/1/1","13.9000000000000003553","19.6000000000000014211","5412.6666666666669698316"
"6.6.1","win","2023-09-07","14:19:47","R_1kUHb0Eyq3iraaD","979721991","1","94420","1","1","1","1","32","10","0","5","215","/30/35/25/25/15/40/5/40/0/0","10","8","52","/6/7/5/5/3/8/1/8/1/8","43","2","/0/0/0/0/0/0/0/0/1/1","5.2000000000000001776","5.375","4623.75"
"6.6.1","win","2023-09-07","14:21:15","R_24AWrqkYaiFtHqy","979722010","1","45090","1","1","1","1","32","10","0","5","315","/25/35/45/35/45/40/0/15/35/40","10","9","64","/5/7/9/7/9/8/1/3/7/8","63","1","/0/0/0/0/0/0/1/0/0/0","6.4000000000000003553","7","1955.75"
"6.6.0","win","2023-09-07","13:21:01","R_3HRcYlSS0ZlFuLq","979721973","1","194861","1","1","1","1","32","10","0","5","460","/0/0/75/0/75/0/100/0/110/100","10","5","173","/26/20/15/10/15/3/20/22/22/20","92","5","/1/1/0/1/0/1/0/1/0/0","17.3000000000000007105","18.3999999999999985789","3865.75"
"6.6.1","win","2023-09-07","14:24:11","R_1kNO7hxJZFoEBJr","979722013","1","59024","1","1","1","1","32","10","0","5","235","/0/65/0/35/0/0/25/25/40/45","10","6","78","/8/13/12/7/7/4/5/5/8/9","47","4","/1/0/1/0/1/1/0/0/0/0","7.7999999999999998224","7.8333333333333330373","3228.888888888888686779"
"6.6.1","win","2023-09-07","14:22:17","R_3MsQMZ7WYBAB1Mn","979721997","1","182708","1","1","1","1","32","10","0","5","360","/0/0/0/50/0/75/85/95/0/55","10","5","132","/12/17/14/10/8/15/17/19/9/11","72","5","/1/1/1/0/1/0/0/0/1/0","13.1999999999999992895","14.4000000000000003553","8389"
"6.6.1","win","2023-09-07","14:23:51","R_3dMnD0BreNvo7Vo","979722008","1","125399","1","1","1","1","32","10","0","5","325","/0/0/85/0/70/0/65/0/0/105","10","4","133","/25/4/17/10/14/6/13/20/3/21","65","6","/1/1/0/1/0/1/0/1/1/0","13.3000000000000007105","16.25","3030.4761904761903679173"
"6.6.1","win","2023-09-07","14:23:50","R_1hQeoSHqfc2znC9","979722004","1","167749","1","1","1","1","32","10","0","5","200","/0/50/25/0/25/50/50/0/0/0","10","5","66","/10/10/5/1/5/10/10/7/5/3","40","5","/1/0/0/1/0/0/0/1/1/1","6.5999999999999996447","8","22338.3333333333321206737"
"6.6.1","win","2023-09-07","14:29:02","R_08ptw0GjJpkCu5z","979722014","1","186735","1","1","1","1","32","10","0","5","155","/0/0/30/20/30/20/0/25/30/0","10","6","47","/1/5/6/4/6/4/6/5/6/4","31","4","/1/1/0/0/0/0/1/0/0/1","4.7000000000000001776","5.1666666666666669627","2856.25"
"6.6.1","win","2023-09-07","14:32:09","R_1l3l97lGlEX6mZQ","979722018","1","37148","1","1","1","1","32","10","0","5","295","/0/40/35/45/0/30/25/35/35/50","10","8","66","/3/8/7/9/4/6/5/7/7/10","59","2","/1/0/0/0/1/0/0/0/0/0","6.5999999999999996447","7.375","1452"
"6.6.1","win","2023-09-07","13:33:10","R_2fwj2M72MCGsi8c","979722009","1","183871","1","1","1","1","32","10","0","5","245","/20/25/30/25/30/35/0/20/40/20","10","9","54","/4/5/6/5/6/7/5/4/8/4","49","1","/0/0/0/0/0/0/1/0/0/0","5.4000000000000003553","5.4444444444444446418","17615.25"
"6.6.1","mac","2023-09-07","11:36:07","R_1EYfntf3XUqfPEK","979722019","1","81165","1","1","1","1","32","10","0","5","175","/0/40/0/0/30/40/0/0/30/35","10","5","56","/9/8/5/1/6/8/5/1/6/7","35","5","/1/0/1/1/0/0/1/1/0/0","5.5999999999999996447","7","6552.2857142857146754977"
"6.6.1","win","2023-09-07","13:39:04","R_2U4TndgEJJshamh","979722021","1","56830","1","1","1","1","32","10","0","5","390","/75/0/50/0/40/40/40/0/75/70","10","7","95","/15/9/10/6/8/8/8/2/15/14","78","3","/0/1/0/1/0/0/0/1/0/0","9.5","11.1428571428571423496","1897.5"
"6.6.1","win","2023-09-07","14:39:37","R_2zSxCSbcNCwjMvq","979722022","1","55254","1","1","1","1","32","10","0","5","345","/0/30/40/0/0/70/40/60/40/65","10","7","75","/2/6/8/3/1/14/8/12/8/13","69","3","/1/0/0/1/1/0/0/0/0/0","7.5","9.8571428571428576504","2115.5384615384614335198"
"6.6.1","win","2023-09-07","14:42:38","R_1o7vIMuFXUSAeeU","979722024","1","76875","1","1","1","1","32","10","0","5","315","/0/105/0/100/0/0/0/25/85/0","10","4","139","/23/21/17/20/17/3/11/5/17/5","63","6","/1/0/1/0/1/1/1/0/0/1","13.9000000000000003553","15.75","10499.3999999999996362021"
"6.6.3","and","2023-09-07","13:41:55","R_2qavfrSbz8M5TVD","979722020","1","154193","1","1","1","1","32","10","0","5","245","/0/0/25/50/20/15/60/0/75/0","10","6","81","/10/10/5/10/4/3/12/5/15/7","49","4","/1/1/0/0/0/0/0/1/0/1","8.0999999999999996447","8.1666666666666660745","11931.714285714286233997"
"6.6.1","win","2023-09-07","11:42:48","R_3p0bTRoV0tQEoT4","979722016","1","133284","1","1","1","1","32","10","0","5","240","/45/0/25/35/30/0/30/25/25/25","10","8","58","/9/4/5/7/6/6/6/5/5/5","48","2","/0/1/0/0/0/1/0/0/0/0","5.7999999999999998224","6","3631"
"6.6.0","win","2023-09-07","13:51:03","R_1eRD9PFRuwsbfyG","979722025","1","91343","1","1","1","1","32","10","0","5","420","/60/70/60/60/0/70/0/40/60/0","10","7","111","/12/14/12/12/11/14/8/8/12/8","84","3","/0/0/0/0/1/0/1/0/0/1","11.0999999999999996447","12","6084.625"
"6.6.1","win","2023-09-07","14:51:50","R_2cuMDfEZczbKBro","979722027","1","55643","1","1","1","1","32","10","0","5","250","/45/45/45/0/0/40/0/0/35/40","10","6","65","/9/9/9/1/9/8/1/4/7/8","50","4","/0/0/0/1/1/0/1/1/0/0","6.5","8.3333333333333339255","3346.875"
"6.6.1","win","2023-09-07","13:55:13","R_Uo2Ln8K9pJIhRuh","979722028","1","92759","1","1","1","1","32","10","0","5","325","/0/40/50/0/0/35/45/50/70/35","10","7","93","/2/8/10/15/11/7/9/10/14/7","65","3","/1/0/0/1/1/0/0/0/0/0","9.3000000000000007105","9.2857142857142864756","4503.8571428571431169985"
"6.6.1","mac","2023-09-07","14:06:30","R_31iIQVBh4SNZfme","979722030","1","94883","1","1","1","1","32","10","0","5","120","/15/25/40/0/0/15/10/0/15/0","10","6","44","/3/5/8/6/5/3/2/3/3/6","24","4","/0/0/0/1/1/0/0/1/0/1","4.4000000000000003553","4","6427.1666666666669698316"
"6.6.1","win","2023-09-07","16:06:51","R_2TKUfC3oXK0gYkJ","979722031","1","104592","1","1","1","1","32","10","0","5","205","/0/55/40/30/0/35/45/0/0/0","10","5","62","/7/11/8/6/7/7/9/2/3/2","41","5","/1/0/0/0/1/0/0/1/1/1","6.2000000000000001776","8.1999999999999992895","28785.5"
"6.6.1","mac","2023-09-07","15:12:35","R_1ouU7q2kZltyrWG","979722032","1","56450","1","1","1","1","32","10","0","5","280","/0/0/15/45/60/80/0/80/0/0","10","5","90","/5/5/3/9/12/16/14/16/3/7","56","5","/1/1/0/0/0/0/1/0/1/1","9","11.1999999999999992895","3103"
"6.6.1","win","2023-09-07","15:13:48","R_3eq8A9hVrNNuDHv","979722033","1","123091","1","1","1","1","32","10","0","5","170","/5/25/25/25/0/25/25/0/20/20","10","8","42","/1/5/5/5/3/5/5/5/4/4","34","2","/0/0/0/0/1/0/0/1/0/0","4.2000000000000001776","4.25","14831.25"
"6.6.1","mac","2023-09-07","12:33:53","R_3fMIDg97Cvwq0dw","979722036","1","89335","1","1","1","1","32","10","0","5","145","/0/0/30/0/30/30/0/0/30/25","10","5","63","/12/3/6/7/6/6/5/7/6/5","29","5","/1/1/0/1/0/0/1/1/0/0","6.2999999999999998224","5.7999999999999998224","10275"
"6.6.1","mac","2023-09-07","12:43:43","R_2R4SFS8Yd2Vyymp","979722035","1","9832","1","1","1","1","32","10","0","5","5","/5/0/0/0/0/0/0/0/0/0","10","10","1","/1/0/0/0/0/0/0/0/0/0","1","0","/0/0/0/0/0/0/0/0/0/0","0.1000000000000000056","0.1000000000000000056",""
"6.6.1","win","2023-09-07","15:56:28","R_ZxbCPwg3jYbTb6F","979722015","1","36212","1","1","1","1","32","10","0","5","230","/0/0/0/55/40/40/40/25/30/0","10","6","59","/1/6/2/11/8/8/8/5/6/4","46","4","/1/1/1/0/0/0/0/0/0/1","5.9000000000000003553","7.6666666666666669627","2927.25"
"6.6.1","win","2023-09-07","15:59:42","R_293MgDbUk2oeOhi","979722041","1","49160","1","1","1","1","32","10","0","5","235","/0/0/35/40/45/0/0/30/45/40","10","6","76","/8/9/7/8/9/5/7/6/9/8","47","4","/1/1/0/0/0/1/1/0/0/0","7,5999999999999996447","7,8333333333333330373","2517,5"
